<?xml version="1.0" encoding="UTF-8"?>
<jcr:root xmlns:sling="http://sling.apache.org/jcr/sling/1.0" xmlns:jcr="http://www.jcp.org/jcr/1.0"
    jcr:primaryType="sling:OrderedFolder"
    jcr:title="Demo Utils"
    id="aem-demo-utils">

    <how-to-demo/>
    <all-demos/>
    <branded-experiences/>
    <bulk-setup/>

    <smart-tags/>
    <visual-search/>
    <assets-3d/>
    <adobe-asset-link/>
    <adobe-stock/>
    <asset-insights/>
    <asset-share-commons/>
    <connected-assets/>

    <dynamic-media/>
    <smart-crop/>
    <dynamic-media-360-vr/>



    <!-- Sites -->
    <core-components-showcase/>
    <core-components-library/>
    <spa-editor />
    <hybrid-cms />

    <aem-headless />
    <content-fragments-api/>

    <generate-tasks/>

    <cloud-manager />

    <!-- Not available in AEM as a Cloud Service -->
    <cif-magento/>
    <forms/>
    <brand-portal/>
    <smart-translation-search/>
    <email-server/>
</jcr:root>



        <!--
        <jcr:root xmlns:jcr="http://www.jcp.org/jcr/1.0" xmlns:nt="http://www.jcp.org/jcr/nt/1.0"
            jcr:description="AEM Assets + AEM Sites - Let your AEM Sites environment use assets from an AEM Assets environment"
            jcr:primaryType="nt:unstructured"
            jcr:title="Connected Assets"
            href="/apps/demo-utils/instructions/remote-dam.html"
            icon="dataUser"
            id="aem-demo-utils__remote-dam"
            target="_blank"/>
        -->
