<?xml version="1.0" encoding="UTF-8"?>
<jcr:root xmlns:sling="http://sling.apache.org/jcr/sling/1.0" xmlns:cq="http://www.day.com/jcr/cq/1.0" xmlns:jcr="http://www.jcp.org/jcr/1.0" xmlns:nt="http://www.jcp.org/jcr/nt/1.0" xmlns:rep="internal"
    jcr:mixinTypes="[rep:AccessControllable]"
    jcr:primaryType="cq:Page">
    <wcm jcr:primaryType="nt:unstructured">
        <foundation jcr:primaryType="nt:unstructured">
            <components jcr:primaryType="nt:unstructured">
                <responsivegrid jcr:primaryType="nt:unstructured">
                    <content-default
                        jcr:description="Policy for editable layout containers"
                        jcr:lastModified="{Date}2018-05-21T14:34:05.190-04:00"
                        jcr:lastModifiedBy="admin"
                        jcr:primaryType="nt:unstructured"
                        jcr:title="Core Component Showcase Default"
                        sling:resourceType="wcm/core/components/policy/policy"
                        components="[/libs/wcm/foundation/components/responsivegrid,group:showcase]"
                        policyResourceType="wcm/foundation/components/responsivegrid">
                        <cq:authoring jcr:primaryType="nt:unstructured">
                            <assetToComponentMapping jcr:primaryType="nt:unstructured">
                                <image
                                    jcr:primaryType="nt:unstructured"
                                    assetGroup="media"
                                    assetMimetype="image/*"
                                    droptarget="image"
                                    resourceType="showcase/components/content/image"
                                    type="Images"/>
                            </assetToComponentMapping>
                        </cq:authoring>
                        <jcr:content
                            jcr:primaryType="nt:unstructured"
                            mergeList="{Boolean}true"/>
                    </content-default>
                    <policy_216469589236995
                        jcr:lastModified="{Date}2019-02-26T15:54:10.133-08:00"
                        jcr:lastModifiedBy="admin"
                        jcr:primaryType="nt:unstructured"
                        jcr:title="FSI Layout Container Policy"
                        sling:resourceType="wcm/core/components/policy/policy"
                        components="[/libs/wcm/foundation/components/responsivegrid,group:FSI Showcase,group:showcase]">
                        <jcr:content jcr:primaryType="nt:unstructured"/>
                        <cq:styleGroups jcr:primaryType="nt:unstructured">
                            <item0 jcr:primaryType="nt:unstructured">
                                <cq:styles jcr:primaryType="nt:unstructured">
                                    <item0
                                        cq:styleClasses="fsi-container--highlight"
                                        cq:styleId="1527020865559"
                                        cq:styleLabel="Highlight"
                                        jcr:primaryType="nt:unstructured"/>
                                    <item1
                                        cq:styleClasses="fsi-container--popout fsi-container--popout-red cmp-layout-container--fixed"
                                        cq:styleId="1527096562849"
                                        cq:styleLabel="Popout Red"
                                        jcr:primaryType="nt:unstructured"/>
                                    <item2
                                        cq:styleClasses="fsi-container--popout fsi-container--popout-green cmp-layout-container--fixed"
                                        cq:styleId="1527096634552"
                                        cq:styleLabel="Popout Green"
                                        jcr:primaryType="nt:unstructured"/>
                                    <item3
                                        cq:styleClasses="fsi-container--popout fsi-container--popout-purple cmp-layout-container--fixed"
                                        cq:styleId="1527096646421"
                                        cq:styleLabel="Popout Purple"
                                        jcr:primaryType="nt:unstructured"/>
                                </cq:styles>
                            </item0>
                            <item1
                                cq:styleGroupLabel="Container"
                                jcr:primaryType="nt:unstructured">
                                <cq:styles jcr:primaryType="nt:unstructured">
                                    <item0
                                        cq:styleId="1543526227829"
                                        cq:styleLabel="Default"
                                        jcr:primaryType="nt:unstructured"/>
                                    <item1
                                        cq:styleClasses="cmp-layout-container--fixed"
                                        cq:styleId="1543526222599"
                                        cq:styleLabel="Fixed Width"
                                        jcr:primaryType="nt:unstructured"/>
                                    <item2
                                        cq:styleClasses="fsi-container--footer"
                                        cq:styleId="1551225243077"
                                        cq:styleLabel="Footer"
                                        jcr:primaryType="nt:unstructured"/>
                                </cq:styles>
                            </item1>
                        </cq:styleGroups>
                    </policy_216469589236995>
                    <policy_223748996408222
                        cq:styleDefaultClasses="fsi-container--popout fsi-container--popout-red"
                        jcr:lastModified="{Date}2018-05-23T13:26:47.023-04:00"
                        jcr:lastModifiedBy="admin"
                        jcr:primaryType="nt:unstructured"
                        jcr:title="FSI Popout Layout Container"
                        sling:resourceType="wcm/core/components/policy/policy"
                        components="[/libs/wcm/foundation/components/responsivegrid,/apps/showcase/components/content/image,/apps/showcase/components/content/text,/apps/showcase/components/content/title]">
                        <jcr:content jcr:primaryType="nt:unstructured"/>
                        <cq:styleGroups jcr:primaryType="nt:unstructured">
                            <item0 jcr:primaryType="nt:unstructured">
                                <cq:styles jcr:primaryType="nt:unstructured">
                                    <item0
                                        cq:styleClasses="fsi-container--popout fsi-container--popout-red"
                                        cq:styleId="1527028179016"
                                        cq:styleLabel="Red"
                                        jcr:primaryType="nt:unstructured"/>
                                    <item1
                                        cq:styleClasses="fsi-container--popout fsi-container--popout-purple"
                                        cq:styleId="1527028194132"
                                        cq:styleLabel="Purple"
                                        jcr:primaryType="nt:unstructured"/>
                                    <item2
                                        cq:styleClasses="fsi-container--popout fsi-container--popout-green"
                                        cq:styleId="1527028204502"
                                        cq:styleLabel="Green"
                                        jcr:primaryType="nt:unstructured"/>
                                </cq:styles>
                            </item0>
                        </cq:styleGroups>
                    </policy_223748996408222>
                    <policy_501176857149874
                        cq:styleDefaultClasses="fsi-container--footer"
                        jcr:lastModified="{Date}2018-11-29T17:07:29.434-05:00"
                        jcr:lastModifiedBy="admin"
                        jcr:primaryType="nt:unstructured"
                        jcr:title="FSI Footer"
                        sling:resourceType="wcm/core/components/policy/policy"
                        components="[/libs/wcm/foundation/components/responsivegrid,/apps/showcase/components/fsi/divider,group:showcase]">
                        <jcr:content jcr:primaryType="nt:unstructured"/>
                        <cq:styleGroups jcr:primaryType="nt:unstructured">
                            <item0 jcr:primaryType="nt:unstructured"/>
                        </cq:styleGroups>
                    </policy_501176857149874>
                    <policy_759318945111353
                        cq:styleDefaultClasses="responsivegrid--header"
                        jcr:lastModified="{Date}2018-08-23T17:34:11.279-04:00"
                        jcr:lastModifiedBy="admin"
                        jcr:primaryType="nt:unstructured"
                        jcr:title="Hospitality Header"
                        sling:resourceType="wcm/core/components/policy/policy">
                        <jcr:content jcr:primaryType="nt:unstructured"/>
                    </policy_759318945111353>
                    <policy_763308881577851
                        jcr:lastModified="{Date}2019-02-26T15:56:27.038-08:00"
                        jcr:lastModifiedBy="admin"
                        jcr:primaryType="nt:unstructured"
                        jcr:title="Hospitality Layout Container"
                        sling:resourceType="wcm/core/components/policy/policy"
                        components="[/libs/wcm/foundation/components/responsivegrid,/apps/showcase/components/hospitality/map,group:showcase]">
                        <jcr:content jcr:primaryType="nt:unstructured"/>
                        <cq:styleGroups jcr:primaryType="nt:unstructured">
                            <item0
                                cq:styleGroupLabel="Page Content"
                                cq:styleGroupMultiple="true"
                                jcr:primaryType="nt:unstructured">
                                <cq:styles jcr:primaryType="nt:unstructured">
                                    <item0
                                        cq:styleClasses="responsivegrid--content"
                                        cq:styleId="1535065831280"
                                        cq:styleLabel="Content Wrapper"
                                        jcr:primaryType="nt:unstructured"/>
                                    <item1
                                        cq:styleClasses="responsivegrid--masonry"
                                        cq:styleId="1535065839651"
                                        cq:styleLabel="Masonry"
                                        jcr:primaryType="nt:unstructured"/>
                                    <item2
                                        cq:styleClasses="responsivegrid--alternate"
                                        cq:styleId="1535692630765"
                                        cq:styleLabel="Alternate"
                                        jcr:primaryType="nt:unstructured"/>
                                </cq:styles>
                            </item0>
                            <item1
                                cq:styleGroupLabel="Structure"
                                jcr:primaryType="nt:unstructured">
                                <cq:styles jcr:primaryType="nt:unstructured">
                                    <item0
                                        cq:styleClasses="responsivegrid--footer responsivegrid--content"
                                        cq:styleId="1551225379668"
                                        cq:styleLabel="Footer"
                                        jcr:primaryType="nt:unstructured"/>
                                </cq:styles>
                            </item1>
                        </cq:styleGroups>
                    </policy_763308881577851>
                    <policy_776131648306557
                        cq:styleDefaultClasses="responsivegrid--footer responsivegrid--content"
                        jcr:lastModified="{Date}2018-08-23T22:16:58.869-04:00"
                        jcr:lastModifiedBy="admin"
                        jcr:primaryType="nt:unstructured"
                        jcr:title="Hospitality Footer"
                        sling:resourceType="wcm/core/components/policy/policy"
                        components="group:showcase">
                        <jcr:content jcr:primaryType="nt:unstructured"/>
                        <cq:styleGroups jcr:primaryType="nt:unstructured">
                            <item0 jcr:primaryType="nt:unstructured">
                                <cq:styles jcr:primaryType="nt:unstructured">
                                    <item0
                                        cq:styleId="1535076998179"
                                        jcr:primaryType="nt:unstructured"/>
                                </cq:styles>
                            </item0>
                        </cq:styleGroups>
                    </policy_776131648306557>
                </responsivegrid>
            </components>
        </foundation>
    </wcm>
    <showcase jcr:primaryType="nt:unstructured">
        <components jcr:primaryType="nt:unstructured">
            <form jcr:primaryType="nt:unstructured">
                <container jcr:primaryType="nt:unstructured">
                    <form-container
                        jcr:primaryType="nt:unstructured"
                        jcr:title="Core Component Showcase Form"
                        sling:resourceType="wcm/core/components/policy/policy"
                        components="[/apps/showcase/components/form/button,/apps/showcase/components/form/hidden,/apps/showcase/components/form/options,/apps/showcase/components/form/text]">
                        <jcr:content jcr:primaryType="nt:unstructured"/>
                    </form-container>
                </container>
            </form>
            <content jcr:primaryType="nt:unstructured">
                <title jcr:primaryType="nt:unstructured">
                    <policy_1526930708530
                        jcr:lastModified="{Date}2018-11-29T16:33:17.921-05:00"
                        jcr:lastModifiedBy="admin"
                        jcr:primaryType="nt:unstructured"
                        jcr:title="FSI Title Policy"
                        sling:resourceType="wcm/core/components/policy/policy"
                        allowedTypes="[h1,h2,h3,h4,h5,h6]"
                        linkDisabled="false"
                        type="h1">
                        <jcr:content jcr:primaryType="nt:unstructured"/>
                        <cq:styleGroups jcr:primaryType="nt:unstructured">
                            <item0
                                cq:styleGroupLabel="Style"
                                jcr:primaryType="nt:unstructured">
                                <cq:styles jcr:primaryType="nt:unstructured">
                                    <item0
                                        cq:styleClasses="fsi-title--section"
                                        cq:styleId="1526930741600"
                                        cq:styleLabel="Section Heading"
                                        jcr:primaryType="nt:unstructured"/>
                                    <item1
                                        cq:styleClasses="fsi-title--list"
                                        cq:styleId="1526931108839"
                                        cq:styleLabel="List Heading"
                                        jcr:primaryType="nt:unstructured"/>
                                    <item2
                                        cq:styleClasses="fsi-title--sub"
                                        cq:styleId="1526935103392"
                                        cq:styleLabel="Sub Heading"
                                        jcr:primaryType="nt:unstructured"/>
                                </cq:styles>
                            </item0>
                            <item1
                                cq:styleGroupLabel="Color"
                                jcr:primaryType="nt:unstructured">
                                <cq:styles jcr:primaryType="nt:unstructured">
                                    <item0
                                        cq:styleClasses="fsi-title--navy"
                                        cq:styleId="1543526961972"
                                        cq:styleLabel="Navy"
                                        jcr:primaryType="nt:unstructured"/>
                                    <item1
                                        cq:styleClasses="fsi-title--purple"
                                        cq:styleId="1543526947765"
                                        cq:styleLabel="Purple"
                                        jcr:primaryType="nt:unstructured"/>
                                    <item2
                                        cq:styleClasses="fsi-title--blue"
                                        cq:styleId="1543526971676"
                                        cq:styleLabel="Blue"
                                        jcr:primaryType="nt:unstructured"/>
                                </cq:styles>
                            </item1>
                        </cq:styleGroups>
                    </policy_1526930708530>
                    <policy_17713649704853
                        cq:styleDefaultClasses="fsi-title--footer"
                        jcr:lastModified="{Date}2018-12-03T14:53:52.683-05:00"
                        jcr:lastModifiedBy="admin"
                        jcr:primaryType="nt:unstructured"
                        jcr:title="FSI Footer Title"
                        sling:resourceType="wcm/core/components/policy/policy"
                        allowedTypes="[h1,h2,h3,h4,h5,h6]"
                        linkDisabled="false"
                        type="h1">
                        <jcr:content jcr:primaryType="nt:unstructured"/>
                    </policy_17713649704853>
                    <policy_816669298846561
                        jcr:lastModified="{Date}2018-08-30T09:01:39.201-04:00"
                        jcr:lastModifiedBy="admin"
                        jcr:primaryType="nt:unstructured"
                        jcr:title="Hospitality Title"
                        sling:resourceType="wcm/core/components/policy/policy"
                        allowedTypes="[h1,h2,h3,h4,h5,h6]"
                        type="h1">
                        <jcr:content jcr:primaryType="nt:unstructured"/>
                        <cq:styleGroups jcr:primaryType="nt:unstructured">
                            <item0
                                cq:styleGroupMultiple="true"
                                jcr:primaryType="nt:unstructured">
                                <cq:styles jcr:primaryType="nt:unstructured">
                                    <item0
                                        cq:styleClasses="cmp-title--cursive"
                                        cq:styleId="1535117368566"
                                        cq:styleLabel="Cursive"
                                        jcr:primaryType="nt:unstructured"/>
                                    <item1
                                        cq:styleClasses="cmp-title--divider"
                                        cq:styleId="1535117377162"
                                        cq:styleLabel="Divider"
                                        jcr:primaryType="nt:unstructured"/>
                                    <item2
                                        cq:styleClasses="cmp-title--highlight"
                                        cq:styleId="1535120871904"
                                        cq:styleLabel="Highlight"
                                        jcr:primaryType="nt:unstructured"/>
                                    <item3
                                        cq:styleClasses="cmp-title--heading-2"
                                        cq:styleId="1535634076784"
                                        cq:styleLabel="Heading Secondary"
                                        jcr:primaryType="nt:unstructured"/>
                                </cq:styles>
                            </item0>
                        </cq:styleGroups>
                    </policy_816669298846561>
                </title>
                <text jcr:primaryType="nt:unstructured">
                    <policy_1526932771100
                        jcr:lastModified="{Date}2018-11-29T19:38:44.319-05:00"
                        jcr:lastModifiedBy="admin"
                        jcr:primaryType="nt:unstructured"
                        jcr:title="FSI Text Policy"
                        sling:resourceType="wcm/core/components/policy/policy">
                        <jcr:content jcr:primaryType="nt:unstructured"/>
                        <rtePlugins jcr:primaryType="nt:unstructured">
                            <paraformat
                                jcr:primaryType="nt:unstructured"
                                features="*">
                                <formats
                                    jcr:primaryType="nt:unstructured"
                                    override="true">
                                    <item0
                                        jcr:primaryType="nt:unstructured"
                                        description="Paragraph"
                                        tag="p"/>
                                    <item1
                                        jcr:primaryType="nt:unstructured"
                                        description="Heading 1"
                                        tag="h1"/>
                                    <item2
                                        jcr:primaryType="nt:unstructured"
                                        description="Heading 2"
                                        tag="h2"/>
                                    <item3
                                        jcr:primaryType="nt:unstructured"
                                        description="Heading 3"
                                        tag="h3"/>
                                    <item4
                                        jcr:primaryType="nt:unstructured"
                                        description="Heading 4"
                                        tag="h4"/>
                                    <item5
                                        jcr:primaryType="nt:unstructured"
                                        description="Heading 5"
                                        tag="h5"/>
                                    <item6
                                        jcr:primaryType="nt:unstructured"
                                        description="Heading 6"
                                        tag="h6"/>
                                    <item7
                                        jcr:primaryType="nt:unstructured"
                                        description="Quote"
                                        tag="blockquote"/>
                                    <item8
                                        jcr:primaryType="nt:unstructured"
                                        description="Preformatted"
                                        tag="pre"/>
                                </formats>
                            </paraformat>
                            <misctools
                                jcr:primaryType="nt:unstructured"
                                features="specialchars">
                                <specialCharsConfig jcr:primaryType="nt:unstructured">
                                    <chars
                                        jcr:primaryType="nt:unstructured"
                                        override="true">
                                        <item0
                                            jcr:primaryType="nt:unstructured"
                                            entity="&amp;copy;"
                                            name="copyright"/>
                                        <item1
                                            jcr:primaryType="nt:unstructured"
                                            entity="&amp;euro;"
                                            name="euro"/>
                                        <item2
                                            jcr:primaryType="nt:unstructured"
                                            entity="&amp;reg;"
                                            name="registered"/>
                                        <item3
                                            jcr:primaryType="nt:unstructured"
                                            entity="&amp;trade;"
                                            name="trademark"/>
                                    </chars>
                                </specialCharsConfig>
                            </misctools>
                            <edit
                                jcr:primaryType="nt:unstructured"
                                features="paste-plaintext,paste-wordhtml"/>
                            <table
                                jcr:primaryType="nt:unstructured"
                                features="-"/>
                            <lists
                                jcr:primaryType="nt:unstructured"
                                features="*"/>
                            <format
                                jcr:primaryType="nt:unstructured"
                                features="bold,italic"/>
                            <links
                                jcr:primaryType="nt:unstructured"
                                features="modifylink,unlink"/>
                            <subsuperscript
                                jcr:primaryType="nt:unstructured"
                                features="-"/>
                            <findreplace
                                jcr:primaryType="nt:unstructured"
                                features="*"/>
                            <spellcheck
                                jcr:primaryType="nt:unstructured"
                                features="*"/>
                            <justify
                                jcr:primaryType="nt:unstructured"
                                features="*"/>
                            <undo
                                jcr:primaryType="nt:unstructured"
                                features="-"/>
                            <image
                                jcr:primaryType="nt:unstructured"
                                features="-"/>
                        </rtePlugins>
                        <cq:styleGroups jcr:primaryType="nt:unstructured">
                            <item0
                                cq:styleGroupLabel="Typefaces"
                                jcr:primaryType="nt:unstructured">
                                <cq:styles jcr:primaryType="nt:unstructured">
                                    <item0
                                        cq:styleClasses="fsi-serif"
                                        cq:styleId="1526932809394"
                                        cq:styleLabel="Serif"
                                        jcr:primaryType="nt:unstructured"/>
                                    <item1
                                        cq:styleClasses="fsi-sans-serif"
                                        cq:styleId="1526932856836"
                                        cq:styleLabel="Sans Serif"
                                        jcr:primaryType="nt:unstructured"/>
                                </cq:styles>
                            </item0>
                            <item1
                                cq:styleGroupLabel="Color"
                                jcr:primaryType="nt:unstructured">
                                <cq:styles jcr:primaryType="nt:unstructured">
                                    <item0
                                        cq:styleClasses="fsi-black"
                                        cq:styleId="1526932891766"
                                        cq:styleLabel="Black"
                                        jcr:primaryType="nt:unstructured"/>
                                    <item1
                                        cq:styleClasses="fsi-navy"
                                        cq:styleId="1526932885597"
                                        cq:styleLabel="Navy"
                                        jcr:primaryType="nt:unstructured"/>
                                    <item2
                                        cq:styleClasses="fsi-white"
                                        cq:styleId="1526932900219"
                                        cq:styleLabel="White"
                                        jcr:primaryType="nt:unstructured"/>
                                </cq:styles>
                            </item1>
                            <item2
                                cq:styleGroupLabel="Style"
                                jcr:primaryType="nt:unstructured">
                                <cq:styles jcr:primaryType="nt:unstructured">
                                    <item0
                                        cq:styleClasses="fsi-text--mobile-center"
                                        cq:styleId="1543538305657"
                                        cq:styleLabel="Mobile Center"
                                        jcr:primaryType="nt:unstructured"/>
                                </cq:styles>
                            </item2>
                        </cq:styleGroups>
                    </policy_1526932771100>
                    <policy_765233042513007
                        jcr:lastModified="{Date}2018-08-23T20:43:06.753-04:00"
                        jcr:lastModifiedBy="admin"
                        jcr:primaryType="nt:unstructured"
                        jcr:title="Hospitality Text"
                        sling:resourceType="wcm/core/components/policy/policy">
                        <jcr:content jcr:primaryType="nt:unstructured"/>
                        <rtePlugins jcr:primaryType="nt:unstructured">
                            <paraformat
                                jcr:primaryType="nt:unstructured"
                                features="*">
                                <formats
                                    jcr:primaryType="nt:unstructured"
                                    override="true">
                                    <item0
                                        jcr:primaryType="nt:unstructured"
                                        description="Paragraph"
                                        tag="p"/>
                                    <item1
                                        jcr:primaryType="nt:unstructured"
                                        description="Heading 1"
                                        tag="h1"/>
                                    <item2
                                        jcr:primaryType="nt:unstructured"
                                        description="Heading 2"
                                        tag="h2"/>
                                    <item3
                                        jcr:primaryType="nt:unstructured"
                                        description="Heading 3"
                                        tag="h3"/>
                                    <item4
                                        jcr:primaryType="nt:unstructured"
                                        description="Heading 4"
                                        tag="h4"/>
                                    <item5
                                        jcr:primaryType="nt:unstructured"
                                        description="Heading 5"
                                        tag="h5"/>
                                    <item6
                                        jcr:primaryType="nt:unstructured"
                                        description="Heading 6"
                                        tag="h6"/>
                                    <item7
                                        jcr:primaryType="nt:unstructured"
                                        description="Quote"
                                        tag="blockquote"/>
                                    <item8
                                        jcr:primaryType="nt:unstructured"
                                        description="Horizontal Rule (visual line break)"
                                        tag="hr"/>
                                    <item9
                                        jcr:primaryType="nt:unstructured"
                                        description="Preformatted"
                                        tag="pre"/>
                                </formats>
                            </paraformat>
                            <misctools
                                jcr:primaryType="nt:unstructured"
                                features="-">
                                <specialCharsConfig jcr:primaryType="nt:unstructured">
                                    <chars
                                        jcr:primaryType="nt:unstructured"
                                        override="true">
                                        <item0
                                            jcr:primaryType="nt:unstructured"
                                            entity="&amp;copy;"
                                            name="copyright"/>
                                        <item1
                                            jcr:primaryType="nt:unstructured"
                                            entity="&amp;euro;"
                                            name="euro"/>
                                        <item2
                                            jcr:primaryType="nt:unstructured"
                                            entity="&amp;reg;"
                                            name="registered"/>
                                        <item3
                                            jcr:primaryType="nt:unstructured"
                                            entity="&amp;trade;"
                                            name="trademark"/>
                                    </chars>
                                </specialCharsConfig>
                            </misctools>
                            <edit
                                jcr:primaryType="nt:unstructured"
                                features="paste-plaintext"/>
                            <findreplace
                                jcr:primaryType="nt:unstructured"
                                features="-"/>
                            <undo
                                jcr:primaryType="nt:unstructured"
                                features="-"/>
                            <spellcheck
                                jcr:primaryType="nt:unstructured"
                                features="-"/>
                            <image
                                jcr:primaryType="nt:unstructured"
                                features="-"/>
                            <table
                                jcr:primaryType="nt:unstructured"
                                features="-"/>
                            <lists
                                jcr:primaryType="nt:unstructured"
                                features="*"/>
                            <justify
                                jcr:primaryType="nt:unstructured"
                                features="-"/>
                            <format
                                jcr:primaryType="nt:unstructured"
                                features="bold,italic"/>
                            <links
                                jcr:primaryType="nt:unstructured"
                                features="modifylink,unlink"/>
                            <subsuperscript
                                jcr:primaryType="nt:unstructured"
                                features="-"/>
                        </rtePlugins>
                        <cq:styleGroups jcr:primaryType="nt:unstructured">
                            <item0 jcr:primaryType="nt:unstructured"/>
                        </cq:styleGroups>
                    </policy_765233042513007>
                    <policy_776626213654857
                        cq:styleDefaultClasses="cmp-text--copyright"
                        jcr:lastModified="{Date}2018-08-23T22:23:01.986-04:00"
                        jcr:lastModifiedBy="admin"
                        jcr:primaryType="nt:unstructured"
                        jcr:title="Hospitality Copyright Text "
                        sling:resourceType="wcm/core/components/policy/policy">
                        <jcr:content jcr:primaryType="nt:unstructured"/>
                        <rtePlugins jcr:primaryType="nt:unstructured">
                            <paraformat
                                jcr:primaryType="nt:unstructured"
                                features="-">
                                <formats
                                    jcr:primaryType="nt:unstructured"
                                    override="true">
                                    <item0
                                        jcr:primaryType="nt:unstructured"
                                        description="Paragraph"
                                        tag="p"/>
                                    <item1
                                        jcr:primaryType="nt:unstructured"
                                        description="Heading 1"
                                        tag="h1"/>
                                    <item2
                                        jcr:primaryType="nt:unstructured"
                                        description="Heading 2"
                                        tag="h2"/>
                                    <item3
                                        jcr:primaryType="nt:unstructured"
                                        description="Heading 3"
                                        tag="h3"/>
                                    <item4
                                        jcr:primaryType="nt:unstructured"
                                        description="Heading 4"
                                        tag="h4"/>
                                    <item5
                                        jcr:primaryType="nt:unstructured"
                                        description="Heading 5"
                                        tag="h5"/>
                                    <item6
                                        jcr:primaryType="nt:unstructured"
                                        description="Heading 6"
                                        tag="h6"/>
                                    <item7
                                        jcr:primaryType="nt:unstructured"
                                        description="Quote"
                                        tag="blockquote"/>
                                    <item8
                                        jcr:primaryType="nt:unstructured"
                                        description="Horizontal Rule (visual line break)"
                                        tag="hr"/>
                                    <item9
                                        jcr:primaryType="nt:unstructured"
                                        description="Preformatted"
                                        tag="pre"/>
                                </formats>
                            </paraformat>
                            <misctools
                                jcr:primaryType="nt:unstructured"
                                features="specialchars">
                                <specialCharsConfig jcr:primaryType="nt:unstructured">
                                    <chars
                                        jcr:primaryType="nt:unstructured"
                                        override="true">
                                        <item0
                                            jcr:primaryType="nt:unstructured"
                                            entity="&amp;copy;"
                                            name="copyright"/>
                                        <item1
                                            jcr:primaryType="nt:unstructured"
                                            entity="&amp;euro;"
                                            name="euro"/>
                                        <item2
                                            jcr:primaryType="nt:unstructured"
                                            entity="&amp;reg;"
                                            name="registered"/>
                                        <item3
                                            jcr:primaryType="nt:unstructured"
                                            entity="&amp;trade;"
                                            name="trademark"/>
                                    </chars>
                                </specialCharsConfig>
                            </misctools>
                            <edit
                                jcr:primaryType="nt:unstructured"
                                features="-"/>
                            <findreplace
                                jcr:primaryType="nt:unstructured"
                                features="-"/>
                            <undo
                                jcr:primaryType="nt:unstructured"
                                features="-"/>
                            <spellcheck
                                jcr:primaryType="nt:unstructured"
                                features="-"/>
                            <image
                                jcr:primaryType="nt:unstructured"
                                features="-"/>
                            <table
                                jcr:primaryType="nt:unstructured"
                                features="-"/>
                            <lists
                                jcr:primaryType="nt:unstructured"
                                features="*"/>
                            <justify
                                jcr:primaryType="nt:unstructured"
                                features="-"/>
                            <format
                                jcr:primaryType="nt:unstructured"
                                features="bold,italic"/>
                            <links
                                jcr:primaryType="nt:unstructured"
                                features="modifylink,unlink"/>
                            <subsuperscript
                                jcr:primaryType="nt:unstructured"
                                features="-"/>
                        </rtePlugins>
                    </policy_776626213654857>
                </text>
                <divider jcr:primaryType="nt:unstructured">
                    <policy_1527005273315
                        cq:styleDefaultClasses="fsi-divider--light"
                        jcr:lastModified="{Date}2018-05-22T18:26:10.340-04:00"
                        jcr:lastModifiedBy="admin"
                        jcr:primaryType="nt:unstructured"
                        jcr:title="FSI Divider Policy"
                        sling:resourceType="wcm/core/components/policy/policy">
                        <jcr:content jcr:primaryType="nt:unstructured"/>
                        <cq:styleGroups jcr:primaryType="nt:unstructured">
                            <item0 jcr:primaryType="nt:unstructured">
                                <cq:styles jcr:primaryType="nt:unstructured">
                                    <item0
                                        cq:styleClasses="fsi-divider--light"
                                        cq:styleId="1527005331999"
                                        cq:styleLabel="Light"
                                        jcr:primaryType="nt:unstructured"/>
                                    <item1
                                        cq:styleId="1527005325118"
                                        cq:styleLabel="Plain"
                                        jcr:primaryType="nt:unstructured"/>
                                    <item2
                                        cq:styleClasses="fsi-divider--mini"
                                        cq:styleId="1527005367644"
                                        cq:styleLabel="Mini"
                                        jcr:primaryType="nt:unstructured"/>
                                    <item3
                                        cq:styleClasses="fsi-divider--alternate"
                                        cq:styleId="1527005385021"
                                        cq:styleLabel="Alternate"
                                        jcr:primaryType="nt:unstructured"/>
                                </cq:styles>
                            </item0>
                        </cq:styleGroups>
                    </policy_1527005273315>
                </divider>
                <list jcr:primaryType="nt:unstructured"/>
                <navigation jcr:primaryType="nt:unstructured">
                    <policy_1527634358321
                        jcr:lastModified="{Date}2018-05-29T18:52:58.456-04:00"
                        jcr:lastModifiedBy="admin"
                        jcr:primaryType="nt:unstructured"
                        jcr:title="FSI Main Navigation Policy"
                        sling:resourceType="wcm/core/components/policy/policy"
                        collectAllPages="false"
                        navigationRoot="/content/showcase/en/finance"
                        skipNavigationRoot="true"
                        structureDepth="1">
                        <jcr:content jcr:primaryType="nt:unstructured"/>
                    </policy_1527634358321>
                    <policy_227960755446413
                        jcr:lastModified="{Date}2018-05-29T18:53:27.433-04:00"
                        jcr:lastModifiedBy="admin"
                        jcr:primaryType="nt:unstructured"
                        jcr:title="FSI Account Navigation Policy"
                        sling:resourceType="wcm/core/components/policy/policy"
                        collectAllPages="false"
                        navigationRoot="/content/showcase/en/finance/toolbar"
                        skipNavigationRoot="true"
                        structureDepth="1">
                        <jcr:content jcr:primaryType="nt:unstructured"/>
                    </policy_227960755446413>
                    <policy_1535056972836
                        cq:styleDefaultClasses="cmp-navigation--top"
                        jcr:lastModified="{Date}2018-08-31T10:14:58.663-04:00"
                        jcr:lastModifiedBy="admin"
                        jcr:primaryType="nt:unstructured"
                        jcr:title="Hospitality Top Navigation"
                        sling:resourceType="wcm/core/components/policy/policy"
                        collectAllPages="false"
                        navigationRoot="/content/showcase/en/hospitality"
                        skipNavigationRoot="true"
                        structureDepth="1">
                        <jcr:content jcr:primaryType="nt:unstructured"/>
                    </policy_1535056972836>
                    <policy_1535077243261
                        cq:styleDefaultClasses="cmp-navigation--horizontal"
                        jcr:lastModified="{Date}2018-08-24T09:57:35.457-04:00"
                        jcr:lastModifiedBy="admin"
                        jcr:primaryType="nt:unstructured"
                        jcr:title="Hospitality Footer Navigation"
                        sling:resourceType="wcm/core/components/policy/policy"
                        collectAllPages="false"
                        navigationRoot="/content/showcase/en/hospitality/tools"
                        skipNavigationRoot="true"
                        structureDepth="1">
                        <jcr:content jcr:primaryType="nt:unstructured"/>
                    </policy_1535077243261>
                </navigation>
                <image jcr:primaryType="nt:unstructured">
                    <policy_1527699269293
                        cq:styleDefaultClasses="fsi-image--hero"
                        jcr:lastModified="{Date}2018-12-07T09:14:59.625-05:00"
                        jcr:lastModifiedBy="admin"
                        jcr:primaryType="nt:unstructured"
                        jcr:title="FSI Hero Image"
                        sling:resourceType="wcm/core/components/policy/policy"
                        allowedRenditionWidths="[500,600,700,800,1000,1440]"
                        allowUpload="false"
                        altValueFromDAM="false"
                        disableLazyLoading="false"
                        displayPopupTitle="false"
                        isDecorative="false"
                        jpegQuality="{Long}100"
                        titleValueFromDAM="false"
                        uuidDisabled="false">
                        <jcr:content jcr:primaryType="nt:unstructured"/>
                        <plugins jcr:primaryType="nt:unstructured">
                            <crop
                                jcr:primaryType="nt:unstructured"
                                features="*">
                                <aspectRatios jcr:primaryType="nt:unstructured">
                                    <item0
                                        jcr:primaryType="nt:unstructured"
                                        name="Wide Landscape"
                                        ratio="0.6180"/>
                                    <item1
                                        jcr:primaryType="nt:unstructured"
                                        name="Landscape"
                                        ratio="0.8284"/>
                                    <item2
                                        jcr:primaryType="nt:unstructured"
                                        name="Square"
                                        ratio="1"/>
                                    <item3
                                        jcr:primaryType="nt:unstructured"
                                        name="Portrait"
                                        ratio="1.6180"/>
                                </aspectRatios>
                            </crop>
                            <rotate
                                jcr:primaryType="nt:unstructured"
                                features="right"/>
                            <flip
                                jcr:primaryType="nt:unstructured"
                                features="-"/>
                        </plugins>
                    </policy_1527699269293>
                    <policy_506533474458359
                        jcr:lastModified="{Date}2018-11-29T19:38:07.102-05:00"
                        jcr:lastModifiedBy="admin"
                        jcr:primaryType="nt:unstructured"
                        jcr:title="FSI Image Policy"
                        sling:resourceType="wcm/core/components/policy/policy"
                        allowedRenditionWidths="[100,200,400,600,800,1000,1280]"
                        allowUpload="false"
                        altValueFromDAM="false"
                        disableLazyLoading="true"
                        displayPopupTitle="false"
                        isDecorative="false"
                        jpegQuality="{Long}100"
                        titleValueFromDAM="false"
                        uuidDisabled="false">
                        <jcr:content jcr:primaryType="nt:unstructured"/>
                        <plugins jcr:primaryType="nt:unstructured">
                            <crop
                                jcr:primaryType="nt:unstructured"
                                features="*">
                                <aspectRatios jcr:primaryType="nt:unstructured">
                                    <item0
                                        jcr:primaryType="nt:unstructured"
                                        name="Wide Landscape"
                                        ratio="0.6180"/>
                                    <item1
                                        jcr:primaryType="nt:unstructured"
                                        name="Landscape"
                                        ratio="0.8284"/>
                                    <item2
                                        jcr:primaryType="nt:unstructured"
                                        name="Square"
                                        ratio="1"/>
                                    <item3
                                        jcr:primaryType="nt:unstructured"
                                        name="Portrait"
                                        ratio="1.6180"/>
                                </aspectRatios>
                            </crop>
                            <rotate
                                jcr:primaryType="nt:unstructured"
                                features="right"/>
                            <flip
                                jcr:primaryType="nt:unstructured"
                                features="-"/>
                        </plugins>
                        <cq:styleGroups jcr:primaryType="nt:unstructured">
                            <item0 jcr:primaryType="nt:unstructured">
                                <cq:styles jcr:primaryType="nt:unstructured">
                                    <item0
                                        cq:styleClasses="fsi-image--featurepadding"
                                        cq:styleId="1543534555278"
                                        cq:styleLabel="Feature Padding"
                                        jcr:primaryType="nt:unstructured"/>
                                    <item1
                                        cq:styleClasses="fsi-image--hero"
                                        cq:styleId="1543534792332"
                                        cq:styleLabel="Hero Image"
                                        jcr:primaryType="nt:unstructured"/>
                                </cq:styles>
                            </item0>
                        </cq:styleGroups>
                    </policy_506533474458359>
                    <policy_1535056895823
                        cq:styleDefaultClasses="cmp-image--logo"
                        jcr:lastModified="{Date}2018-08-23T16:42:37.244-04:00"
                        jcr:lastModifiedBy="admin"
                        jcr:primaryType="nt:unstructured"
                        jcr:title="Hospitality Logo"
                        sling:resourceType="wcm/core/components/policy/policy"
                        allowUpload="false"
                        altValueFromDAM="false"
                        disableLazyLoading="true"
                        displayPopupTitle="false"
                        isDecorative="false"
                        titleValueFromDAM="false">
                        <jcr:content jcr:primaryType="nt:unstructured"/>
                        <plugins jcr:primaryType="nt:unstructured">
                            <crop
                                jcr:primaryType="nt:unstructured"
                                features="*">
                                <aspectRatios jcr:primaryType="nt:unstructured">
                                    <item0
                                        jcr:primaryType="nt:unstructured"
                                        name="Wide Landscape"
                                        ratio="0.6180"/>
                                    <item1
                                        jcr:primaryType="nt:unstructured"
                                        name="Landscape"
                                        ratio="0.8284"/>
                                    <item2
                                        jcr:primaryType="nt:unstructured"
                                        name="Square"
                                        ratio="1"/>
                                    <item3
                                        jcr:primaryType="nt:unstructured"
                                        name="Portrait"
                                        ratio="1.6180"/>
                                </aspectRatios>
                            </crop>
                            <rotate
                                jcr:primaryType="nt:unstructured"
                                features="right"/>
                            <flip
                                jcr:primaryType="nt:unstructured"
                                features="-"/>
                        </plugins>
                    </policy_1535056895823>
                    <policy_770718748485893
                        jcr:lastModified="{Date}2019-02-27T11:32:03.034-08:00"
                        jcr:lastModifiedBy="admin"
                        jcr:primaryType="nt:unstructured"
                        jcr:title="Hospitality Image"
                        sling:resourceType="wcm/core/components/policy/policy"
                        allowedRenditionWidths="[1280,1000,800,600,500]"
                        allowUpload="true"
                        altValueFromDAM="false"
                        disableLazyLoading="true"
                        displayPopupTitle="false"
                        isDecorative="false"
                        jpegQuality="{Long}100"
                        titleValueFromDAM="false"
                        uuidDisabled="false">
                        <jcr:content jcr:primaryType="nt:unstructured"/>
                        <plugins jcr:primaryType="nt:unstructured">
                            <crop
                                jcr:primaryType="nt:unstructured"
                                features="*">
                                <aspectRatios jcr:primaryType="nt:unstructured">
                                    <item0
                                        jcr:primaryType="nt:unstructured"
                                        name="Wide Landscape"
                                        ratio="0.6180"/>
                                    <item1
                                        jcr:primaryType="nt:unstructured"
                                        name="Landscape"
                                        ratio="0.8284"/>
                                    <item2
                                        jcr:primaryType="nt:unstructured"
                                        name="Square"
                                        ratio="1"/>
                                    <item3
                                        jcr:primaryType="nt:unstructured"
                                        name="Portrait"
                                        ratio="1.6180"/>
                                </aspectRatios>
                            </crop>
                            <rotate
                                jcr:primaryType="nt:unstructured"
                                features="right"/>
                            <flip
                                jcr:primaryType="nt:unstructured"
                                features="-"/>
                        </plugins>
                        <cq:styleGroups jcr:primaryType="nt:unstructured">
                            <item0
                                cq:styleGroupMultiple="true"
                                jcr:primaryType="nt:unstructured">
                                <cq:styles jcr:primaryType="nt:unstructured">
                                    <item0
                                        cq:styleClasses="cmp-image--photo"
                                        cq:styleId="1535071479119"
                                        cq:styleLabel="Photo"
                                        jcr:primaryType="nt:unstructured"/>
                                    <item1
                                        cq:styleClasses="cmp-image--pull-up"
                                        cq:styleId="1535071494306"
                                        cq:styleLabel="Pull Up"
                                        jcr:primaryType="nt:unstructured"/>
                                </cq:styles>
                            </item0>
                        </cq:styleGroups>
                    </policy_770718748485893>
                </image>
                <teaser jcr:primaryType="nt:unstructured">
                    <policy_1543598740974
                        jcr:lastModified="{Date}2018-12-03T16:13:35.283-05:00"
                        jcr:lastModifiedBy="admin"
                        jcr:primaryType="nt:unstructured"
                        jcr:title="FSI Teaser"
                        sling:resourceType="wcm/core/components/policy/policy">
                        <jcr:content jcr:primaryType="nt:unstructured"/>
                        <cq:styleGroups jcr:primaryType="nt:unstructured">
                            <item0 jcr:primaryType="nt:unstructured">
                                <cq:styles jcr:primaryType="nt:unstructured">
                                    <item0
                                        cq:styleClasses="fsi-teaser--card"
                                        cq:styleId="1543608760566"
                                        cq:styleLabel="Card"
                                        jcr:primaryType="nt:unstructured"/>
                                    <item1
                                        cq:styleClasses="fsi-teaser--feature"
                                        cq:styleId="1543598754591"
                                        cq:styleLabel="Feature"
                                        jcr:primaryType="nt:unstructured"/>
                                    <item2
                                        cq:styleClasses="fsi-teaser--feature fsi-teaser--feature-right"
                                        cq:styleId="1543608624468"
                                        cq:styleLabel="Feature Right Aligned"
                                        jcr:primaryType="nt:unstructured"/>
                                    <item3
                                        cq:styleClasses="fsi-teaser--testimonial"
                                        cq:styleId="1543871598375"
                                        cq:styleLabel="Testimonial"
                                        jcr:primaryType="nt:unstructured"/>
                                </cq:styles>
                            </item0>
                        </cq:styleGroups>
                    </policy_1543598740974>
                    <policy_1535057043134
                        cq:styleDefaultClasses="cmp-teaser--hero"
                        jcr:lastModified="{Date}2018-08-24T09:42:57.105-04:00"
                        jcr:lastModifiedBy="admin"
                        jcr:primaryType="nt:unstructured"
                        jcr:title="Hospitality Teaser Hero"
                        sling:resourceType="wcm/core/components/policy/policy"
                        actionsDisabled="true"
                        descriptionHidden="true"
                        titleType="h2">
                        <jcr:content jcr:primaryType="nt:unstructured"/>
                        <cq:styleGroups jcr:primaryType="nt:unstructured">
                            <item0 jcr:primaryType="nt:unstructured">
                                <cq:styles jcr:primaryType="nt:unstructured">
                                    <item0
                                        cq:styleClasses="cmp-teaser--hero"
                                        cq:styleId="1535118075061"
                                        cq:styleLabel="Default"
                                        jcr:primaryType="nt:unstructured"/>
                                    <item1
                                        cq:styleClasses="cmp-teaser--hero cmp-teaser--light"
                                        cq:styleId="1535118085429"
                                        cq:styleLabel="Light"
                                        jcr:primaryType="nt:unstructured"/>
                                </cq:styles>
                            </item0>
                        </cq:styleGroups>
                    </policy_1535057043134>
                    <policy_770949287627244
                        jcr:lastModified="{Date}2019-02-27T11:03:17.990-08:00"
                        jcr:lastModifiedBy="admin"
                        jcr:primaryType="nt:unstructured"
                        jcr:title="Hospitality Teaser Default"
                        sling:resourceType="wcm/core/components/policy/policy"
                        titleType="h2">
                        <jcr:content jcr:primaryType="nt:unstructured"/>
                        <cq:styleGroups jcr:primaryType="nt:unstructured">
                            <item0 jcr:primaryType="nt:unstructured">
                                <cq:styles jcr:primaryType="nt:unstructured">
                                    <item0
                                        cq:styleClasses="cmp-teaser--parallax"
                                        cq:styleId="1535071658223"
                                        cq:styleLabel="Parallax"
                                        jcr:primaryType="nt:unstructured"/>
                                    <item1
                                        cq:styleClasses="cmp-teaser--card"
                                        cq:styleId="1535071673819"
                                        cq:styleLabel="Card"
                                        jcr:primaryType="nt:unstructured"/>
                                    <item2
                                        cq:styleClasses="cmp-teaser--banner"
                                        cq:styleId="1535075687688"
                                        cq:styleLabel="Banner"
                                        jcr:primaryType="nt:unstructured"/>
                                    <item3
                                        cq:styleClasses="cmp-teaser--promo"
                                        cq:styleId="1535118731924"
                                        cq:styleLabel="Promo"
                                        jcr:primaryType="nt:unstructured"/>
                                    <item4
                                        cq:styleClasses="cmp-teaser--fullwidth"
                                        cq:styleId="1535078229481"
                                        cq:styleLabel="Full-Width"
                                        jcr:primaryType="nt:unstructured"/>
                                    <item5
                                        cq:styleClasses="cmp-teaser--hero"
                                        cq:styleId="1551294176797"
                                        cq:styleLabel="Hero"
                                        jcr:primaryType="nt:unstructured"/>
                                    <item6
                                        cq:styleClasses="cmp-teaser--hero cmp-teaser--light"
                                        cq:styleId="1551294182924"
                                        cq:styleLabel="Hero Light"
                                        jcr:primaryType="nt:unstructured"/>
                                </cq:styles>
                            </item0>
                            <item1
                                cq:styleGroupLabel="Variations"
                                jcr:primaryType="nt:unstructured">
                                <cq:styles jcr:primaryType="nt:unstructured">
                                    <item0
                                        cq:styleId="1535072769301"
                                        cq:styleLabel="Default"
                                        jcr:primaryType="nt:unstructured"/>
                                    <item1
                                        cq:styleClasses="cmp-teaser--big"
                                        cq:styleId="1535072806084"
                                        cq:styleLabel="Big"
                                        jcr:primaryType="nt:unstructured"/>
                                    <item2
                                        cq:styleClasses="cmp-teaser--small"
                                        cq:styleId="1535651722636"
                                        cq:styleLabel="Small"
                                        jcr:primaryType="nt:unstructured"/>
                                    <item3
                                        cq:styleClasses="cmp-teaser--light"
                                        cq:styleId="1535121031403"
                                        cq:styleLabel="Light"
                                        jcr:primaryType="nt:unstructured"/>
                                    <item4
                                        cq:styleClasses="cmp-teaser--alt"
                                        cq:styleId="1535121066723"
                                        cq:styleLabel="Alternate"
                                        jcr:primaryType="nt:unstructured"/>
                                    <item5
                                        cq:styleClasses="cmp-teaser--left"
                                        cq:styleId="1535121098366"
                                        cq:styleLabel="Align Left"
                                        jcr:primaryType="nt:unstructured"/>
                                </cq:styles>
                            </item1>
                        </cq:styleGroups>
                    </policy_770949287627244>
                </teaser>
                <carousel jcr:primaryType="nt:unstructured">
                    <policy_1551228643390
                        jcr:lastModified="{Date}2019-02-27T16:03:44.266-08:00"
                        jcr:lastModifiedBy="admin"
                        jcr:primaryType="nt:unstructured"
                        jcr:title="Hospitality Carousel"
                        sling:resourceType="wcm/core/components/policy/policy"
                        autopauseDisabled="false"
                        autoplay="false"
                        components="[/apps/showcase/components/content/image,/apps/showcase/components/content/teaser]"
                        delay="5000">
                        <jcr:content jcr:primaryType="nt:unstructured"/>
                        <cq:styleGroups jcr:primaryType="nt:unstructured">
                            <item0 jcr:primaryType="nt:unstructured">
                                <cq:styles jcr:primaryType="nt:unstructured">
                                    <item0
                                        cq:styleClasses="hospitality-carousel"
                                        cq:styleId="1551297094752"
                                        cq:styleLabel="Default"
                                        jcr:primaryType="nt:unstructured"/>
                                    <item1
                                        cq:styleClasses="hospitality-carousel cmp-carousel--hero"
                                        cq:styleId="1551297098148"
                                        cq:styleLabel="Hero"
                                        jcr:primaryType="nt:unstructured"/>
                                </cq:styles>
                            </item0>
                        </cq:styleGroups>
                    </policy_1551228643390>
                    <policy_93988610771019
                        jcr:lastModified="{Date}2019-02-27T16:03:01.858-08:00"
                        jcr:lastModifiedBy="admin"
                        jcr:primaryType="nt:unstructured"
                        jcr:title="FSI Carousel"
                        sling:resourceType="wcm/core/components/policy/policy"
                        autopauseDisabled="false"
                        autoplay="false"
                        components="[/apps/showcase/components/content/image,/apps/showcase/components/content/teaser]"
                        delay="5000">
                        <jcr:content jcr:primaryType="nt:unstructured"/>
                        <cq:styleGroups jcr:primaryType="nt:unstructured">
                            <item0 jcr:primaryType="nt:unstructured">
                                <cq:styles jcr:primaryType="nt:unstructured">
                                    <item0
                                        cq:styleClasses="fsi-carousel"
                                        cq:styleId="1551311269325"
                                        cq:styleLabel="Default"
                                        jcr:primaryType="nt:unstructured"/>
                                    <item1
                                        cq:styleClasses="fsi-carousel cmp-carousel--hero"
                                        cq:styleId="1551311274015"
                                        cq:styleLabel="Hero"
                                        jcr:primaryType="nt:unstructured"/>
                                </cq:styles>
                            </item0>
                        </cq:styleGroups>
                    </policy_93988610771019>
                </carousel>
            </content>
            <structure jcr:primaryType="nt:unstructured">
                <page jcr:primaryType="nt:unstructured">
                    <policy_1526970472218
                        cq:styleDefaultClasses="fsi-page"
                        jcr:lastModified="{Date}2019-03-15T18:14:30.327-07:00"
                        jcr:lastModifiedBy="admin"
                        jcr:primaryType="nt:unstructured"
                        jcr:title="FSI Theme"
                        sling:resourceType="wcm/core/components/policy/policy"
                        clientlibs="fsi.site">
                        <jcr:content jcr:primaryType="nt:unstructured"/>
                    </policy_1526970472218>
                    <policy_756183735820776
                        cq:styleDefaultClasses="page--home"
                        jcr:lastModified="{Date}2018-08-31T09:56:03.841-04:00"
                        jcr:lastModifiedBy="admin"
                        jcr:primaryType="nt:unstructured"
                        jcr:title="Hospitality Theme"
                        sling:resourceType="wcm/core/components/policy/policy"
                        clientlibs="hospitality.site">
                        <jcr:content jcr:primaryType="nt:unstructured"/>
                    </policy_756183735820776>
                </page>
            </structure>
            <fsi jcr:primaryType="nt:unstructured">
                <divider jcr:primaryType="nt:unstructured">
                    <policy_1543526586043
                        cq:styleDefaultClasses="fsi-divider--light"
                        jcr:lastModified="{Date}2018-11-29T16:27:25.062-05:00"
                        jcr:lastModifiedBy="admin"
                        jcr:primaryType="nt:unstructured"
                        jcr:title="FSI Divider Policy"
                        sling:resourceType="wcm/core/components/policy/policy">
                        <jcr:content jcr:primaryType="nt:unstructured"/>
                        <cq:styleGroups jcr:primaryType="nt:unstructured">
                            <item0 jcr:primaryType="nt:unstructured">
                                <cq:styles jcr:primaryType="nt:unstructured">
                                    <item0
                                        cq:styleClasses="fsi-divider--light"
                                        cq:styleId="1543526793235"
                                        cq:styleLabel="Light"
                                        jcr:primaryType="nt:unstructured"/>
                                    <item1
                                        cq:styleClasses="fsi-divider--mini"
                                        cq:styleId="1543526797856"
                                        cq:styleLabel="Mini"
                                        jcr:primaryType="nt:unstructured"/>
                                    <item2
                                        cq:styleClasses="fsi-divider--alternate"
                                        cq:styleId="1543526809833"
                                        cq:styleLabel="Alternate"
                                        jcr:primaryType="nt:unstructured"/>
                                </cq:styles>
                            </item0>
                        </cq:styleGroups>
                    </policy_1543526586043>
                    <policy_18196217556211
                        cq:styleDefaultClasses="fsi-divider--alternate"
                        jcr:lastModified="{Date}2018-12-03T14:51:12.117-05:00"
                        jcr:lastModifiedBy="admin"
                        jcr:primaryType="nt:unstructured"
                        jcr:title="FSI Divider - Footer"
                        sling:resourceType="wcm/core/components/policy/policy">
                        <jcr:content jcr:primaryType="nt:unstructured"/>
                    </policy_18196217556211>
                </divider>
                <header jcr:primaryType="nt:unstructured">
                    <policy_1544136629876
                        jcr:lastModified="{Date}2018-12-06T17:50:45.887-05:00"
                        jcr:lastModifiedBy="admin"
                        jcr:primaryType="nt:unstructured"
                        jcr:title="FSI Header Policy"
                        sling:resourceType="wcm/core/components/policy/policy"
                        rootPath="/content/showcase/en/finance">
                        <jcr:content jcr:primaryType="nt:unstructured"/>
                    </policy_1544136629876>
                </header>
            </fsi>
            <hospitality jcr:primaryType="nt:unstructured">
                <header jcr:primaryType="nt:unstructured">
                    <policy_1544136859740
                        jcr:lastModified="{Date}2018-12-06T17:54:40.248-05:00"
                        jcr:lastModifiedBy="admin"
                        jcr:primaryType="nt:unstructured"
                        jcr:title="Hospitality Header Policy"
                        sling:resourceType="wcm/core/components/policy/policy"
                        rootPath="/content/showcase/en/hospitality">
                        <jcr:content jcr:primaryType="nt:unstructured"/>
                    </policy_1544136859740>
                </header>
            </hospitality>
        </components>
    </showcase>
    <policy_1527633823296
        jcr:lastModified="{Date}2018-05-29T18:44:13.113-04:00"
        jcr:lastModifiedBy="admin"
        jcr:primaryType="nt:unstructured"
        jcr:title="FSI Main Header"
        sling:resourceType="wcm/core/components/policy/policy"
        collectAllPages="false"
        navigationRoot="/content/showcase/en"
        skipNavigationRoot="true"
        structureDepth="1">
        <jcr:content jcr:primaryType="nt:unstructured"/>
    </policy_1527633823296>
    <policy_1535061288493
        cq:styleDefaultClasses="cmp-navigation--top"
        jcr:lastModified="{Date}2018-08-23T17:56:23.868-04:00"
        jcr:lastModifiedBy="admin"
        jcr:primaryType="nt:unstructured"
        jcr:title="Hospitality Top Navigation"
        sling:resourceType="wcm/core/components/policy/policy"
        collectAllPages="false"
        navigationRoot="/content/showcase/en/hospitality"
        skipNavigationRoot="true"
        structureDepth="1">
        <jcr:content jcr:primaryType="nt:unstructured"/>
    </policy_1535061288493>
</jcr:root>
