<?xml version="1.0" encoding="UTF-8"?>
<jcr:root xmlns:sling="http://sling.apache.org/jcr/sling/1.0" xmlns:cq="http://www.day.com/jcr/cq/1.0" xmlns:jcr="http://www.jcp.org/jcr/1.0" xmlns:nt="http://www.jcp.org/jcr/nt/1.0" xmlns:rep="internal"
    jcr:mixinTypes="[rep:AccessControllable]"
    jcr:primaryType="cq:Page">
    <rep:policy/>
    <wcm jcr:primaryType="nt:unstructured">
        <foundation jcr:primaryType="nt:unstructured">
            <components jcr:primaryType="nt:unstructured">
                <responsivegrid jcr:primaryType="nt:unstructured">
                    <content-default
                        jcr:description="Policy for editable layout containers"
                        jcr:lastModified="{Date}2019-03-19T13:18:46.128-07:00"
                        jcr:lastModifiedBy="admin"
                        jcr:primaryType="nt:unstructured"
                        jcr:title="WKND Site Default"
                        sling:resourceType="wcm/core/components/policy/policy"
                        components="[/libs/wcm/foundation/components/responsivegrid,group:WKND.Content,/apps/wknd/components/form/container,group:WKND.Structure]"
                        policyResourceType="wcm/foundation/components/responsivegrid">
                        <cq:authoring jcr:primaryType="nt:unstructured">
                            <assetToComponentMapping jcr:primaryType="nt:unstructured">
                                <image
                                    jcr:primaryType="nt:unstructured"
                                    assetGroup="media"
                                    assetMimetype="image/*"
                                    droptarget="image"
                                    resourceType="wknd/components/content/image"
                                    type="Images"/>
                            </assetToComponentMapping>
                        </cq:authoring>
                        <jcr:content
                            cq:lastReplicated="{Date}2019-10-22T13:34:50.533-07:00"
                            cq:lastReplicatedBy="admin"
                            cq:lastReplicationAction="Activate"
                            jcr:mixinTypes="[cq:ReplicationStatus]"
                            jcr:primaryType="nt:unstructured"
                            mergeList="{Boolean}true"/>
                    </content-default>
                    <policy_213106331986985
                        jcr:lastModified="{Date}2019-10-25T15:03:12.535-07:00"
                        jcr:lastModifiedBy="admin"
                        jcr:primaryType="nt:unstructured"
                        jcr:title="WKND Content"
                        sling:resourceType="wcm/core/components/policy/policy"
                        components="[/libs/wcm/foundation/components/responsivegrid,group:WKND.Content]">
                        <jcr:content
                            cq:lastReplicated="{Date}2019-10-22T13:34:50.533-07:00"
                            cq:lastReplicatedBy="admin"
                            cq:lastReplicationAction="Activate"
                            jcr:mixinTypes="[cq:ReplicationStatus]"
                            jcr:primaryType="nt:unstructured"/>
                        <cq:authoring jcr:primaryType="nt:unstructured">
                            <assetToComponentMapping jcr:primaryType="nt:unstructured">
                                <mapping_1553026868912
                                    jcr:primaryType="nt:unstructured"
                                    assetGroup="media"
                                    assetMimetype="image/*"
                                    droptarget="image"
                                    resourceType="wknd/components/content/image"/>
                                <mapping_1570046914244
                                    jcr:primaryType="nt:unstructured"
                                    assetGroup="content"
                                    assetMimetype="text/html"
                                    droptarget="experiencefragment"
                                    resourceType="wknd/components/content/experiencefragment"/>
                                <mapping_1570047042575
                                    jcr:primaryType="nt:unstructured"
                                    assetGroup="media"
                                    assetMimetype="[text/html,application/vnd.adobe.contentfragment]"
                                    droptarget="contentfragment"
                                    resourceType="wknd/components/content/contentfragment"/>
                            </assetToComponentMapping>
                        </cq:authoring>
                        <cq:styleGroups jcr:primaryType="nt:unstructured">
                            <item0 jcr:primaryType="nt:unstructured">
                                <cq:styles jcr:primaryType="nt:unstructured">
                                    <item0
                                        cq:styleId="1554340388221"
                                        cq:styleLabel="Full Width"
                                        jcr:primaryType="nt:unstructured"/>
                                    <item1
                                        cq:styleClasses="cmp-layout-container--fixed"
                                        cq:styleId="1554340406437"
                                        cq:styleLabel="Fixed Width"
                                        jcr:primaryType="nt:unstructured"/>
                                </cq:styles>
                            </item0>
                        </cq:styleGroups>
                    </policy_213106331986985>
                    <policy_178507300498125
                        cq:styleDefaultClasses="cmp-layoutcontainer--sidebar"
                        jcr:lastModified="{Date}2019-10-14T15:15:57.378-07:00"
                        jcr:lastModifiedBy="admin"
                        jcr:primaryType="nt:unstructured"
                        jcr:title="WKND Article Sidebar"
                        sling:resourceType="wcm/core/components/policy/policy"
                        components="[/apps/wknd/components/content/button,/apps/wknd/components/content/download,/apps/wknd/components/content/image,/apps/wknd/components/content/list,/apps/wknd/components/content/separator,/apps/wknd/components/content/sharing,/apps/wknd/components/content/text,/apps/wknd/components/content/title]">
                        <jcr:content
                            cq:lastReplicated="{Date}2019-10-22T13:34:50.533-07:00"
                            cq:lastReplicatedBy="admin"
                            cq:lastReplicationAction="Activate"
                            jcr:mixinTypes="[cq:ReplicationStatus]"
                            jcr:primaryType="nt:unstructured"/>
                    </policy_178507300498125>
                    <policy_4792148308882
                        cq:styleDefaultClasses="cmp-layout-container--footer"
                        jcr:lastModified="{Date}2019-04-16T09:14:15.238-07:00"
                        jcr:lastModifiedBy="admin"
                        jcr:primaryType="nt:unstructured"
                        jcr:title="WKND Footer"
                        sling:resourceType="wcm/core/components/policy/policy"
                        components="[group:WKND.Content,group:WKND.Structure]">
                        <jcr:content
                            cq:lastReplicated="{Date}2019-10-22T13:34:50.533-07:00"
                            cq:lastReplicatedBy="admin"
                            cq:lastReplicationAction="Activate"
                            jcr:mixinTypes="[cq:ReplicationStatus]"
                            jcr:primaryType="nt:unstructured"/>
                    </policy_4792148308882>
                    <policy_70911755464249
                        jcr:lastModified="{Date}2019-10-30T11:33:44.827-07:00"
                        jcr:lastModifiedBy="admin"
                        jcr:primaryType="nt:unstructured"
                        jcr:title="WKND Experience Fragment"
                        sling:resourceType="wcm/core/components/policy/policy"
                        components="[/libs/cq/experience-fragments/editor/components/buildingblock,/libs/wcm/foundation/components/responsivegrid,group:WKND.Content,group:WKND.Form,group:WKND.Structure]">
                        <jcr:content jcr:primaryType="nt:unstructured"/>
                        <cq:authoring jcr:primaryType="nt:unstructured">
                            <assetToComponentMapping jcr:primaryType="nt:unstructured">
                                <mapping_1568417184586
                                    jcr:primaryType="nt:unstructured"
                                    assetGroup="media"
                                    assetMimetype="image/*"
                                    droptarget="image"
                                    resourceType="wknd/components/content/image"/>
                                <mapping_1570048100274
                                    jcr:primaryType="nt:unstructured"
                                    assetGroup="content"
                                    assetMimetype="text/html"
                                    droptarget="experiencefragment"
                                    resourceType="wknd/components/content/experiencefragment"/>
                                <mapping_1570048111074
                                    jcr:primaryType="nt:unstructured"
                                    assetGroup="media"
                                    assetMimetype="[text/html,application/vnd.adobe.contentfragment]"
                                    droptarget="contentfragment"
                                    resourceType="wknd/components/content/contentfragment"/>
                                <mapping_1571358557570
                                    jcr:primaryType="nt:unstructured"
                                    assetGroup="block"
                                    assetMimetype="text/html"
                                    droptarget="buildingblock"
                                    resourceType="cq/experience-fragments/editor/components/buildingblock"/>
                            </assetToComponentMapping>
                        </cq:authoring>
                        <cq:styleGroups jcr:primaryType="nt:unstructured">
                            <item0
                                cq:styleGroupLabel="Site Styles"
                                jcr:primaryType="nt:unstructured">
                                <cq:styles jcr:primaryType="nt:unstructured">
                                    <item0
                                        cq:styleClasses="cmp-layoutcontainer--utility"
                                        cq:styleId="1568592113898"
                                        cq:styleLabel="Utility Menu"
                                        jcr:primaryType="nt:unstructured"/>
                                    <item1
                                        cq:styleClasses="cmp-layoutcontainer--header"
                                        cq:styleId="1568592140003"
                                        cq:styleLabel="Header"
                                        jcr:primaryType="nt:unstructured"/>
                                    <item2
                                        cq:styleClasses="cmp-layout-container--fixed cmp-layoutcontainer--footer"
                                        cq:styleId="1568839620471"
                                        cq:styleLabel="Footer"
                                        jcr:primaryType="nt:unstructured"/>
                                    <item3
                                        cq:styleClasses="cmp-layout-container--modal"
                                        cq:styleId="1569950941796"
                                        cq:styleLabel="Modal"
                                        jcr:primaryType="nt:unstructured"/>
                                    <item4
                                        cq:styleClasses="cmp-layout-container--fixed"
                                        cq:styleId="1570043787082"
                                        cq:styleLabel="Fixed"
                                        jcr:primaryType="nt:unstructured"/>
                                </cq:styles>
                            </item0>
                        </cq:styleGroups>
                    </policy_70911755464249>
                    <policy_245021219904493
                        jcr:description="Components for hero spaces on landing pages."
                        jcr:lastModified="{Date}2019-10-25T15:02:34.705-07:00"
                        jcr:lastModifiedBy="admin"
                        jcr:primaryType="nt:unstructured"
                        jcr:title="WKND Hero Content"
                        sling:resourceType="wcm/core/components/policy/policy"
                        components="[/libs/wcm/foundation/components/responsivegrid,/apps/wknd/components/content/carousel,/apps/wknd/components/content/image,/apps/wknd/components/content/teaser,/apps/wknd/components/content/title]">
                        <jcr:content jcr:primaryType="nt:unstructured"/>
                    </policy_245021219904493>
                </responsivegrid>
            </components>
        </foundation>
    </wcm>
    <wknd jcr:primaryType="nt:unstructured">
        <components jcr:primaryType="nt:unstructured">
            <form jcr:primaryType="nt:unstructured">
                <container jcr:primaryType="nt:unstructured">
                    <form-container
                        jcr:primaryType="nt:unstructured"
                        jcr:title="WKND Site Form"
                        sling:resourceType="wcm/core/components/policy/policy"
                        components="[/apps/wknd/components/form/button,/apps/wknd/components/form/hidden,/apps/wknd/components/form/options,/apps/wknd/components/form/text]">
                        <jcr:content jcr:primaryType="nt:unstructured"/>
                    </form-container>
                </container>
            </form>
            <content jcr:primaryType="nt:unstructured">
                <title jcr:primaryType="nt:unstructured">
                    <policy_349626543823562
                        jcr:lastModified="{Date}2019-10-25T13:44:39.378-07:00"
                        jcr:lastModifiedBy="admin"
                        jcr:primaryType="nt:unstructured"
                        jcr:title="WKND Title - Global Styles"
                        sling:resourceType="wcm/core/components/policy/policy"
                        allowedTypes="[h1,h2,h3,h4,h5,h6]"
                        linkDisabled="false"
                        type="h1">
                        <jcr:content
                            cq:lastReplicated="{Date}2019-10-22T13:34:50.533-07:00"
                            cq:lastReplicatedBy="admin"
                            cq:lastReplicationAction="Activate"
                            jcr:mixinTypes="[cq:ReplicationStatus]"
                            jcr:primaryType="nt:unstructured"/>
                        <cq:styleGroups jcr:primaryType="nt:unstructured">
                            <item0
                                cq:styleGroupLabel="Styles"
                                cq:styleGroupMultiple="true"
                                jcr:primaryType="nt:unstructured">
                                <cq:styles jcr:primaryType="nt:unstructured">
                                    <item0
                                        cq:styleClasses="cmp-title--underline"
                                        cq:styleId="1568996484405"
                                        cq:styleLabel="Underline"
                                        jcr:primaryType="nt:unstructured"/>
                                    <item1
                                        cq:styleClasses="cmp-title--right"
                                        cq:styleId="1568996465682"
                                        cq:styleLabel="Align Right"
                                        jcr:primaryType="nt:unstructured"/>
                                    <item2
                                        cq:styleClasses="cmp-title--minispacing"
                                        cq:styleId="1570766394721"
                                        cq:styleLabel="Mini Spacing"
                                        jcr:primaryType="nt:unstructured"/>
                                </cq:styles>
                            </item0>
                            <item1
                                cq:styleGroupLabel="Colors"
                                jcr:primaryType="nt:unstructured">
                                <cq:styles jcr:primaryType="nt:unstructured">
                                    <item0
                                        cq:styleClasses="cmp-title--black"
                                        cq:styleId="1568996420379"
                                        cq:styleLabel="Black"
                                        jcr:primaryType="nt:unstructured"/>
                                    <item1
                                        cq:styleClasses="cmp-title--white"
                                        cq:styleId="1568996427017"
                                        cq:styleLabel="White"
                                        jcr:primaryType="nt:unstructured"/>
                                    <item2
                                        cq:styleClasses="cmp-title--gray"
                                        cq:styleId="1569448732502"
                                        cq:styleLabel="Gray"
                                        jcr:primaryType="nt:unstructured"/>
                                </cq:styles>
                            </item1>
                        </cq:styleGroups>
                    </policy_349626543823562>
                </title>
                <text jcr:primaryType="nt:unstructured">
                    <policy_1554340265233
                        jcr:lastModified="{Date}2019-04-18T16:35:35.241-07:00"
                        jcr:lastModifiedBy="admin"
                        jcr:primaryType="nt:unstructured"
                        jcr:title="WKND Text - Article"
                        sling:resourceType="wcm/core/components/policy/policy">
                        <jcr:content
                            cq:lastReplicated="{Date}2019-10-22T13:34:50.533-07:00"
                            cq:lastReplicatedBy="admin"
                            cq:lastReplicationAction="Activate"
                            jcr:mixinTypes="[cq:ReplicationStatus]"
                            jcr:primaryType="nt:unstructured"/>
                        <rtePlugins jcr:primaryType="nt:unstructured">
                            <paraformat
                                jcr:primaryType="nt:unstructured"
                                features="*">
                                <formats
                                    jcr:primaryType="nt:unstructured"
                                    override="true">
                                    <item0
                                        jcr:primaryType="nt:unstructured"
                                        description="Paragraph"
                                        tag="p"/>
                                    <item1
                                        jcr:primaryType="nt:unstructured"
                                        description="Quote"
                                        tag="blockquote"/>
                                </formats>
                            </paraformat>
                            <misctools
                                jcr:primaryType="nt:unstructured"
                                features="-">
                                <specialCharsConfig jcr:primaryType="nt:unstructured">
                                    <chars
                                        jcr:primaryType="nt:unstructured"
                                        override="true">
                                        <item0
                                            jcr:primaryType="nt:unstructured"
                                            entity="&amp;copy;"
                                            name="copyright"/>
                                        <item1
                                            jcr:primaryType="nt:unstructured"
                                            entity="&amp;euro;"
                                            name="euro"/>
                                        <item2
                                            jcr:primaryType="nt:unstructured"
                                            entity="&amp;reg;"
                                            name="registered"/>
                                        <item3
                                            jcr:primaryType="nt:unstructured"
                                            entity="&amp;trade;"
                                            name="trademark"/>
                                    </chars>
                                </specialCharsConfig>
                            </misctools>
                            <edit
                                jcr:primaryType="nt:unstructured"
                                features="-"/>
                            <findreplace
                                jcr:primaryType="nt:unstructured"
                                features="-"/>
                            <undo
                                jcr:primaryType="nt:unstructured"
                                features="-"/>
                            <spellcheck
                                jcr:primaryType="nt:unstructured"
                                features="-"/>
                            <image
                                jcr:primaryType="nt:unstructured"
                                features="-"/>
                            <table
                                jcr:primaryType="nt:unstructured"
                                features="-"/>
                            <lists
                                jcr:primaryType="nt:unstructured"
                                features="*"/>
                            <justify
                                jcr:primaryType="nt:unstructured"
                                features="-"/>
                            <format
                                jcr:primaryType="nt:unstructured"
                                features="bold,italic,underline"/>
                            <links
                                jcr:primaryType="nt:unstructured"
                                features="modifylink,unlink"/>
                            <subsuperscript
                                jcr:primaryType="nt:unstructured"
                                features="-"/>
                        </rtePlugins>
                        <cq:styleGroups jcr:primaryType="nt:unstructured">
                            <item0 jcr:primaryType="nt:unstructured">
                                <cq:styles jcr:primaryType="nt:unstructured">
                                    <item0
                                        cq:styleClasses="cmp-text--quote"
                                        cq:styleId="1554340301154"
                                        cq:styleLabel="Quote Block"
                                        jcr:primaryType="nt:unstructured"/>
                                </cq:styles>
                            </item0>
                        </cq:styleGroups>
                    </policy_1554340265233>
                    <policy_292492673658670
                        jcr:lastModified="{Date}2019-09-18T13:51:44.388-07:00"
                        jcr:lastModifiedBy="admin"
                        jcr:primaryType="nt:unstructured"
                        jcr:title="WKND Text - Experience Fragments"
                        sling:resourceType="wcm/core/components/policy/policy">
                        <jcr:content jcr:primaryType="nt:unstructured"/>
                        <rtePlugins jcr:primaryType="nt:unstructured">
                            <paraformat
                                jcr:primaryType="nt:unstructured"
                                features="-">
                                <formats
                                    jcr:primaryType="nt:unstructured"
                                    override="true">
                                    <item0
                                        jcr:primaryType="nt:unstructured"
                                        description="Paragraph"
                                        tag="p"/>
                                    <item1
                                        jcr:primaryType="nt:unstructured"
                                        description="Heading 1"
                                        tag="h1"/>
                                    <item2
                                        jcr:primaryType="nt:unstructured"
                                        description="Heading 2"
                                        tag="h2"/>
                                    <item3
                                        jcr:primaryType="nt:unstructured"
                                        description="Heading 3"
                                        tag="h3"/>
                                    <item4
                                        jcr:primaryType="nt:unstructured"
                                        description="Heading 4"
                                        tag="h4"/>
                                    <item5
                                        jcr:primaryType="nt:unstructured"
                                        description="Heading 5"
                                        tag="h5"/>
                                    <item6
                                        jcr:primaryType="nt:unstructured"
                                        description="Heading 6"
                                        tag="h6"/>
                                    <item7
                                        jcr:primaryType="nt:unstructured"
                                        description="Quote"
                                        tag="blockquote"/>
                                    <item8
                                        jcr:primaryType="nt:unstructured"
                                        description="Horizontal Rule (visual line break)"
                                        tag="hr"/>
                                    <item9
                                        jcr:primaryType="nt:unstructured"
                                        description="Preformatted"
                                        tag="pre"/>
                                </formats>
                            </paraformat>
                            <misctools
                                jcr:primaryType="nt:unstructured"
                                features="-">
                                <specialCharsConfig jcr:primaryType="nt:unstructured">
                                    <chars
                                        jcr:primaryType="nt:unstructured"
                                        override="true">
                                        <item0
                                            jcr:primaryType="nt:unstructured"
                                            entity="&amp;copy;"
                                            name="copyright"/>
                                        <item1
                                            jcr:primaryType="nt:unstructured"
                                            entity="&amp;euro;"
                                            name="euro"/>
                                        <item2
                                            jcr:primaryType="nt:unstructured"
                                            entity="&amp;reg;"
                                            name="registered"/>
                                        <item3
                                            jcr:primaryType="nt:unstructured"
                                            entity="&amp;trade;"
                                            name="trademark"/>
                                    </chars>
                                </specialCharsConfig>
                            </misctools>
                            <edit
                                jcr:primaryType="nt:unstructured"
                                features="-"/>
                            <findreplace
                                jcr:primaryType="nt:unstructured"
                                features="-"/>
                            <undo
                                jcr:primaryType="nt:unstructured"
                                features="-"/>
                            <spellcheck
                                jcr:primaryType="nt:unstructured"
                                features="-"/>
                            <image
                                jcr:primaryType="nt:unstructured"
                                features="-"/>
                            <table
                                jcr:primaryType="nt:unstructured"
                                features="-"/>
                            <lists
                                jcr:primaryType="nt:unstructured"
                                features="*"/>
                            <justify
                                jcr:primaryType="nt:unstructured"
                                features="-"/>
                            <format
                                jcr:primaryType="nt:unstructured"
                                features="bold,italic"/>
                            <links
                                jcr:primaryType="nt:unstructured"
                                features="modifylink,unlink"/>
                            <subsuperscript
                                jcr:primaryType="nt:unstructured"
                                features="-"/>
                        </rtePlugins>
                        <cq:styleGroups jcr:primaryType="nt:unstructured">
                            <item0 jcr:primaryType="nt:unstructured">
                                <cq:styles jcr:primaryType="nt:unstructured">
                                    <item0
                                        cq:styleClasses="cmp-text--copyright"
                                        cq:styleId="1568839883536"
                                        cq:styleLabel="Copyright"
                                        jcr:primaryType="nt:unstructured"/>
                                </cq:styles>
                            </item0>
                        </cq:styleGroups>
                    </policy_292492673658670>
                    <policy_1570746487640
                        jcr:lastModified="{Date}2019-10-17T10:59:23.402-07:00"
                        jcr:lastModifiedBy="admin"
                        jcr:primaryType="nt:unstructured"
                        jcr:title="WKND Text - Kitchen Sink"
                        sling:resourceType="wcm/core/components/policy/policy">
                        <jcr:content
                            cq:lastReplicated="{Date}2019-10-22T13:34:50.533-07:00"
                            cq:lastReplicatedBy="admin"
                            cq:lastReplicationAction="Activate"
                            jcr:mixinTypes="[cq:ReplicationStatus]"
                            jcr:primaryType="nt:unstructured"/>
                        <rtePlugins jcr:primaryType="nt:unstructured">
                            <paraformat
                                jcr:primaryType="nt:unstructured"
                                features="*">
                                <formats
                                    jcr:primaryType="nt:unstructured"
                                    override="true">
                                    <item0
                                        jcr:primaryType="nt:unstructured"
                                        description="Paragraph"
                                        tag="p"/>
                                    <item1
                                        jcr:primaryType="nt:unstructured"
                                        description="Heading 1"
                                        tag="h1"/>
                                    <item2
                                        jcr:primaryType="nt:unstructured"
                                        description="Heading 2"
                                        tag="h2"/>
                                    <item3
                                        jcr:primaryType="nt:unstructured"
                                        description="Heading 3"
                                        tag="h3"/>
                                    <item4
                                        jcr:primaryType="nt:unstructured"
                                        description="Heading 4"
                                        tag="h4"/>
                                    <item5
                                        jcr:primaryType="nt:unstructured"
                                        description="Heading 5"
                                        tag="h5"/>
                                    <item6
                                        jcr:primaryType="nt:unstructured"
                                        description="Heading 6"
                                        tag="h6"/>
                                    <item7
                                        jcr:primaryType="nt:unstructured"
                                        description="Quote"
                                        tag="blockquote"/>
                                    <item8
                                        jcr:primaryType="nt:unstructured"
                                        description="Horizontal Rule (visual line break)"
                                        tag="hr"/>
                                    <item9
                                        jcr:primaryType="nt:unstructured"
                                        description="Preformatted"
                                        tag="pre"/>
                                </formats>
                            </paraformat>
                            <misctools
                                jcr:primaryType="nt:unstructured"
                                features="sourceedit,specialchars">
                                <specialCharsConfig jcr:primaryType="nt:unstructured">
                                    <chars
                                        jcr:primaryType="nt:unstructured"
                                        override="true">
                                        <item0
                                            jcr:primaryType="nt:unstructured"
                                            entity="&amp;copy;"
                                            name="copyright"/>
                                        <item1
                                            jcr:primaryType="nt:unstructured"
                                            entity="&amp;euro;"
                                            name="euro"/>
                                        <item2
                                            jcr:primaryType="nt:unstructured"
                                            entity="&amp;reg;"
                                            name="registered"/>
                                        <item3
                                            jcr:primaryType="nt:unstructured"
                                            entity="&amp;trade;"
                                            name="trademark"/>
                                    </chars>
                                </specialCharsConfig>
                            </misctools>
                            <edit
                                jcr:primaryType="nt:unstructured"
                                features="paste-plaintext,paste-wordhtml"/>
                            <format
                                jcr:primaryType="nt:unstructured"
                                features="bold,italic,underline"/>
                            <lists
                                jcr:primaryType="nt:unstructured"
                                features="*"/>
                            <links
                                jcr:primaryType="nt:unstructured"
                                features="modifylink,unlink"/>
                            <subsuperscript
                                jcr:primaryType="nt:unstructured"
                                features="*"/>
                            <table
                                jcr:primaryType="nt:unstructured"
                                features="*"/>
                            <justify
                                jcr:primaryType="nt:unstructured"
                                features="*"/>
                            <findreplace
                                jcr:primaryType="nt:unstructured"
                                features="*"/>
                            <undo
                                jcr:primaryType="nt:unstructured"
                                features="*"/>
                            <spellcheck
                                jcr:primaryType="nt:unstructured"
                                features="*"/>
                            <image
                                jcr:primaryType="nt:unstructured"
                                features="*"/>
                        </rtePlugins>
                        <cq:styleGroups jcr:primaryType="nt:unstructured">
                            <item0
                                cq:styleGroupLabel="Styles"
                                jcr:primaryType="nt:unstructured">
                                <cq:styles jcr:primaryType="nt:unstructured">
                                    <item0
                                        cq:styleId="1571073973204"
                                        cq:styleLabel="Default"
                                        jcr:primaryType="nt:unstructured"/>
                                    <item1
                                        cq:styleClasses="cmp-text--quote"
                                        cq:styleId="1570746601923"
                                        cq:styleLabel="Quote Block"
                                        jcr:primaryType="nt:unstructured"/>
                                </cq:styles>
                            </item0>
                            <item1
                                cq:styleGroupLabel="Paragraph Size"
                                jcr:primaryType="nt:unstructured">
                                <cq:styles jcr:primaryType="nt:unstructured">
                                    <item0
                                        cq:styleClasses="cmp-text--font-xsmall"
                                        cq:styleId="1571074021746"
                                        cq:styleLabel="Extra-Small"
                                        jcr:primaryType="nt:unstructured"/>
                                    <item1
                                        cq:styleClasses="cmp-text--font-small"
                                        cq:styleId="1571074070335"
                                        cq:styleLabel="Small"
                                        jcr:primaryType="nt:unstructured"/>
                                    <item2
                                        cq:styleClasses="cmp-text--font-default"
                                        cq:styleId="1571085340516"
                                        cq:styleLabel="Default"
                                        jcr:primaryType="nt:unstructured"/>
                                    <item3
                                        cq:styleClasses="cmp-text--font-large"
                                        cq:styleId="1571085385905"
                                        cq:styleLabel="Large"
                                        jcr:primaryType="nt:unstructured"/>
                                </cq:styles>
                            </item1>
                        </cq:styleGroups>
                    </policy_1570746487640>
                </text>
                <list jcr:primaryType="nt:unstructured">
                    <policy_1554340319446
                        jcr:lastModified="{Date}2019-10-17T10:59:35.322-07:00"
                        jcr:lastModifiedBy="admin"
                        jcr:primaryType="nt:unstructured"
                        jcr:title="WKND List - Article"
                        sling:resourceType="wcm/core/components/policy/policy"
                        dateFormat="EEEE, d MMM y"
                        disableChildren="false"
                        disableSearch="false"
                        disableStatic="false"
                        disableTags="false"
                        linkItems="false"
                        showDescription="false"
                        showModificationDate="false">
                        <jcr:content
                            cq:lastReplicated="{Date}2019-10-22T13:34:50.533-07:00"
                            cq:lastReplicatedBy="admin"
                            cq:lastReplicationAction="Activate"
                            jcr:mixinTypes="[cq:ReplicationStatus]"
                            jcr:primaryType="nt:unstructured"/>
                        <cq:styleGroups jcr:primaryType="nt:unstructured">
                            <item0 jcr:primaryType="nt:unstructured">
                                <cq:styles jcr:primaryType="nt:unstructured">
                                    <item0
                                        cq:styleClasses="cmp-list--upnext"
                                        cq:styleId="1554340350631"
                                        cq:styleLabel="Up Next"
                                        jcr:primaryType="nt:unstructured"/>
                                </cq:styles>
                            </item0>
                        </cq:styleGroups>
                    </policy_1554340319446>
                </list>
                <image jcr:primaryType="nt:unstructured">
                    <policy_1554341366929
                        jcr:lastModified="{Date}2019-09-13T16:25:31.474-07:00"
                        jcr:lastModifiedBy="admin"
                        jcr:primaryType="nt:unstructured"
                        jcr:title="WKND Image - Article"
                        sling:resourceType="wcm/core/components/policy/policy"
                        allowedRenditionWidths="[300,500,800,1000,1200]"
                        allowUpload="true"
                        altValueFromDAM="true"
                        disableLazyLoading="false"
                        displayPopupTitle="true"
                        isDecorative="false"
                        jpegQuality="{Long}100"
                        titleValueFromDAM="true"
                        uuidDisabled="true">
                        <jcr:content
                            cq:lastReplicated="{Date}2019-10-22T13:34:50.533-07:00"
                            cq:lastReplicatedBy="admin"
                            cq:lastReplicationAction="Activate"
                            jcr:mixinTypes="[cq:ReplicationStatus]"
                            jcr:primaryType="nt:unstructured"/>
                        <plugins jcr:primaryType="nt:unstructured">
                            <crop
                                jcr:primaryType="nt:unstructured"
                                features="*">
                                <aspectRatios jcr:primaryType="nt:unstructured">
                                    <item0
                                        jcr:primaryType="nt:unstructured"
                                        name="Wide Landscape"
                                        ratio="0.6180"/>
                                    <item1
                                        jcr:primaryType="nt:unstructured"
                                        name="Landscape"
                                        ratio="0.8284"/>
                                    <item2
                                        jcr:primaryType="nt:unstructured"
                                        name="Square"
                                        ratio="1"/>
                                    <item3
                                        jcr:primaryType="nt:unstructured"
                                        name="Portrait"
                                        ratio="1.6180"/>
                                </aspectRatios>
                            </crop>
                            <rotate
                                jcr:primaryType="nt:unstructured"
                                features="right"/>
                            <flip
                                jcr:primaryType="nt:unstructured"
                                features="-"/>
                        </plugins>
                    </policy_1554341366929>
                    <policy_1568423036289
                        jcr:lastModified="{Date}2019-10-14T09:25:07.934-07:00"
                        jcr:lastModifiedBy="admin"
                        jcr:primaryType="nt:unstructured"
                        jcr:title="WKND Image"
                        sling:resourceType="wcm/core/components/policy/policy"
                        allowedRenditionWidths="[300,400,500,600,700,800,900,1000,1280,1600]"
                        allowUpload="true"
                        altValueFromDAM="true"
                        disableLazyLoading="false"
                        displayPopupTitle="true"
                        isDecorative="false"
                        jpegQuality="{Long}100"
                        titleValueFromDAM="true"
                        uuidDisabled="true">
                        <plugins jcr:primaryType="nt:unstructured">
                            <rotate
                                jcr:primaryType="nt:unstructured"
                                features="right"/>
                            <flip
                                jcr:primaryType="nt:unstructured"
                                features="horizontal,vertical"/>
                            <crop
                                jcr:primaryType="nt:unstructured"
                                features="*">
                                <aspectRatios jcr:primaryType="nt:unstructured">
                                    <item0
                                        jcr:primaryType="nt:unstructured"
                                        name="Wide Landscape"
                                        ratio="0.6180"/>
                                    <item1
                                        jcr:primaryType="nt:unstructured"
                                        name="Landscape"
                                        ratio="0.8284"/>
                                    <item2
                                        jcr:primaryType="nt:unstructured"
                                        name="Square"
                                        ratio="1"/>
                                    <item3
                                        jcr:primaryType="nt:unstructured"
                                        name="Portrait"
                                        ratio="1.6180"/>
                                    <item4
                                        jcr:primaryType="nt:unstructured"
                                        name="Super Wide"
                                        ratio="0.3333"/>
                                </aspectRatios>
                            </crop>
                        </plugins>
                        <jcr:content
                            cq:lastReplicated="{Date}2019-10-22T13:34:50.533-07:00"
                            cq:lastReplicatedBy="admin"
                            cq:lastReplicationAction="Activate"
                            jcr:mixinTypes="[cq:ReplicationStatus]"
                            jcr:primaryType="nt:unstructured"/>
                    </policy_1568423036289>
                    <policy_126406575098243
                        jcr:lastModified="{Date}2019-10-18T09:15:57.874-07:00"
                        jcr:lastModifiedBy="admin"
                        jcr:primaryType="nt:unstructured"
                        jcr:title="WKND Image - Experience Fragment"
                        sling:resourceType="wcm/core/components/policy/policy"
                        allowedRenditionWidths="[300,400,500,600,700,800,900,1000,1100,1200]"
                        allowUpload="true"
                        altValueFromDAM="true"
                        disableLazyLoading="false"
                        displayPopupTitle="true"
                        isDecorative="false"
                        jpegQuality="{Long}100"
                        titleValueFromDAM="true"
                        uuidDisabled="true">
                        <jcr:content jcr:primaryType="nt:unstructured"/>
                        <plugins jcr:primaryType="nt:unstructured">
                            <crop
                                jcr:primaryType="nt:unstructured"
                                features="*">
                                <aspectRatios jcr:primaryType="nt:unstructured">
                                    <item0
                                        jcr:primaryType="nt:unstructured"
                                        name="Wide Landscape"
                                        ratio="0.6180"/>
                                    <item1
                                        jcr:primaryType="nt:unstructured"
                                        name="Landscape"
                                        ratio="0.8284"/>
                                    <item2
                                        jcr:primaryType="nt:unstructured"
                                        name="Square"
                                        ratio="1"/>
                                    <item3
                                        jcr:primaryType="nt:unstructured"
                                        name="Portrait"
                                        ratio="1.6180"/>
                                </aspectRatios>
                            </crop>
                            <rotate
                                jcr:primaryType="nt:unstructured"
                                features="right"/>
                            <flip
                                jcr:primaryType="nt:unstructured"
                                features="-"/>
                        </plugins>
                        <cq:styleGroups jcr:primaryType="nt:unstructured">
                            <item0 jcr:primaryType="nt:unstructured">
                                <cq:styles jcr:primaryType="nt:unstructured">
                                    <item0
                                        cq:styleId="1568592005760"
                                        cq:styleLabel="Default"
                                        jcr:primaryType="nt:unstructured"/>
                                    <item1
                                        cq:styleClasses="cmp-image--logo"
                                        cq:styleId="1568592012684"
                                        cq:styleLabel="Logo"
                                        jcr:primaryType="nt:unstructured"/>
                                </cq:styles>
                            </item0>
                        </cq:styleGroups>
                    </policy_126406575098243>
                    <policy_1571339767041
                        jcr:lastModified="{Date}2019-10-25T13:38:26.916-07:00"
                        jcr:lastModifiedBy="admin"
                        jcr:primaryType="nt:unstructured"
                        jcr:title="WKND Image - Carousel"
                        sling:resourceType="wcm/core/components/policy/policy"
                        allowedRenditionWidths="[100,200,300,400,500,600,700,800,900,1000,1100,1200,1600,1800]"
                        allowUpload="true"
                        altValueFromDAM="true"
                        disableLazyLoading="true"
                        displayPopupTitle="true"
                        isDecorative="false"
                        jpegQuality="{Long}100"
                        titleValueFromDAM="true"
                        uuidDisabled="true">
                        <plugins jcr:primaryType="nt:unstructured">
                            <rotate
                                jcr:primaryType="nt:unstructured"
                                features="right"/>
                            <flip
                                jcr:primaryType="nt:unstructured"
                                features="-"/>
                            <crop
                                jcr:primaryType="nt:unstructured"
                                features="*">
                                <aspectRatios jcr:primaryType="nt:unstructured">
                                    <item0
                                        jcr:primaryType="nt:unstructured"
                                        name="Wide Landscape"
                                        ratio="0.6180"/>
                                    <item1
                                        jcr:primaryType="nt:unstructured"
                                        name="Landscape"
                                        ratio="0.8284"/>
                                    <item2
                                        jcr:primaryType="nt:unstructured"
                                        name="Square"
                                        ratio="1"/>
                                    <item3
                                        jcr:primaryType="nt:unstructured"
                                        name="Portrait"
                                        ratio="1.6180"/>
                                    <item4
                                        jcr:primaryType="nt:unstructured"
                                        name="Super Wide Landscape"
                                        ratio="0.333"/>
                                </aspectRatios>
                            </crop>
                        </plugins>
                        <jcr:content jcr:primaryType="nt:unstructured"/>
                    </policy_1571339767041>
                </image>
                <breadcrumb jcr:primaryType="nt:unstructured">
                    <policy_1554341419430
                        jcr:lastModified="{Date}2019-10-15T12:06:19.662-07:00"
                        jcr:lastModifiedBy="admin"
                        jcr:primaryType="nt:unstructured"
                        jcr:title="WKND Breadcrumb"
                        sling:resourceType="wcm/core/components/policy/policy"
                        hideCurrent="false"
                        showHidden="false"
                        startLevel="4">
                        <jcr:content
                            cq:lastReplicated="{Date}2019-10-22T13:34:50.533-07:00"
                            cq:lastReplicatedBy="admin"
                            cq:lastReplicationAction="Activate"
                            jcr:mixinTypes="[cq:ReplicationStatus]"
                            jcr:primaryType="nt:unstructured"/>
                        <cq:styleGroups jcr:primaryType="nt:unstructured">
                            <item0 jcr:primaryType="nt:unstructured">
                                <cq:styles jcr:primaryType="nt:unstructured">
                                    <item0
                                        cq:styleId="1570236590660"
                                        cq:styleLabel="Default"
                                        jcr:primaryType="nt:unstructured"/>
                                    <item1
                                        cq:styleClasses="cmp-breadcrumb--fixed"
                                        cq:styleId="1570236596118"
                                        cq:styleLabel="Fixed Width"
                                        jcr:primaryType="nt:unstructured"/>
                                </cq:styles>
                            </item0>
                        </cq:styleGroups>
                    </policy_1554341419430>
                </breadcrumb>
                <byline jcr:primaryType="nt:unstructured"/>
                <teaser jcr:primaryType="nt:unstructured">
                    <policy_1555539430196
                        jcr:lastModified="{Date}2019-10-25T13:38:38.126-07:00"
                        jcr:lastModifiedBy="admin"
                        jcr:primaryType="nt:unstructured"
                        jcr:title="WKND Teaser"
                        sling:resourceType="wcm/core/components/policy/policy">
                        <jcr:content
                            cq:lastReplicated="{Date}2019-10-22T13:34:50.533-07:00"
                            cq:lastReplicatedBy="admin"
                            cq:lastReplicationAction="Activate"
                            jcr:mixinTypes="[cq:ReplicationStatus]"
                            jcr:primaryType="nt:unstructured"/>
                        <cq:styleGroups jcr:primaryType="nt:unstructured">
                            <item0
                                cq:styleGroupLabel="Style"
                                jcr:primaryType="nt:unstructured">
                                <cq:styles jcr:primaryType="nt:unstructured">
                                    <item0
                                        cq:styleClasses="cmp-teaser--featured"
                                        cq:styleId="1555539443529"
                                        cq:styleLabel="Featured"
                                        jcr:primaryType="nt:unstructured"/>
                                    <item1
                                        cq:styleClasses="cmp-teaser--list"
                                        cq:styleId="1571334427914"
                                        cq:styleLabel="List"
                                        jcr:primaryType="nt:unstructured"/>
                                    <item2
                                        cq:styleClasses="cmp-teaser--hero"
                                        cq:styleId="1555543212672"
                                        cq:styleLabel="Hero"
                                        jcr:primaryType="nt:unstructured"/>
                                    <item3
                                        cq:styleClasses="cmp-teaser--hero cmp-teaser--imagetop"
                                        cq:styleId="1572035118854"
                                        cq:styleLabel="Hero Image Top"
                                        jcr:primaryType="nt:unstructured"/>
                                    <item4
                                        cq:styleClasses="cmp-teaser--hero cmp-teaser--imagebottom"
                                        cq:styleId="1572035150600"
                                        cq:styleLabel="Hero Image Bottom"
                                        jcr:primaryType="nt:unstructured"/>
                                </cq:styles>
                            </item0>
                            <item1
                                cq:styleGroupLabel="Variation"
                                jcr:primaryType="nt:unstructured">
                                <cq:styles jcr:primaryType="nt:unstructured">
                                    <item0
                                        cq:styleClasses="cmp-teaser--secure"
                                        cq:styleId="1571779921857"
                                        cq:styleLabel="Secure"
                                        jcr:primaryType="nt:unstructured"/>
                                    <item1
                                        cq:styleId="1572035106443"
                                        jcr:primaryType="nt:unstructured"/>
                                </cq:styles>
                            </item1>
                        </cq:styleGroups>
                    </policy_1555539430196>
                </teaser>
                <carousel jcr:primaryType="nt:unstructured">
                    <policy_1555540352044
                        jcr:lastModified="{Date}2019-10-25T13:37:48.735-07:00"
                        jcr:lastModifiedBy="admin"
                        jcr:primaryType="nt:unstructured"
                        jcr:title="WKND Carousel"
                        sling:resourceType="wcm/core/components/policy/policy"
                        autopauseDisabled="false"
                        autoplay="false"
                        components="[/apps/wknd/components/content/image,/apps/wknd/components/content/teaser]"
                        delay="5000">
                        <jcr:content
                            cq:lastReplicated="{Date}2019-10-22T13:34:50.533-07:00"
                            cq:lastReplicatedBy="admin"
                            cq:lastReplicationAction="Activate"
                            jcr:mixinTypes="[cq:ReplicationStatus]"
                            jcr:primaryType="nt:unstructured"/>
                        <cq:styleGroups jcr:primaryType="nt:unstructured">
                            <item0 jcr:primaryType="nt:unstructured">
                                <cq:styles jcr:primaryType="nt:unstructured">
                                    <item0
                                        cq:styleClasses="cmp-carousel--hero"
                                        cq:styleId="1555545421827"
                                        cq:styleLabel="Hero"
                                        jcr:primaryType="nt:unstructured"/>
                                    <item1
                                        cq:styleClasses="cmp-carousel--mini"
                                        cq:styleId="1570236158571"
                                        cq:styleLabel="Mini"
                                        jcr:primaryType="nt:unstructured"/>
                                </cq:styles>
                            </item0>
                        </cq:styleGroups>
                    </policy_1555540352044>
                </carousel>
                <contentfragment jcr:primaryType="nt:unstructured">
                    <policy_1571166588834
                        jcr:lastModified="{Date}2019-10-17T11:01:11.403-07:00"
                        jcr:lastModifiedBy="admin"
                        jcr:primaryType="nt:unstructured"
                        jcr:title="WKND Content Fragment"
                        sling:resourceType="wcm/core/components/policy/policy">
                        <jcr:content jcr:primaryType="nt:unstructured"/>
                        <cq:styleGroups jcr:primaryType="nt:unstructured">
                            <item0 jcr:primaryType="nt:unstructured">
                                <cq:styles jcr:primaryType="nt:unstructured">
                                    <item0
                                        cq:styleId="1571166691078"
                                        cq:styleLabel="Default"
                                        jcr:primaryType="nt:unstructured"/>
                                    <item1
                                        cq:styleClasses="cmp-contentfragment--elements"
                                        cq:styleId="1571166694176"
                                        cq:styleLabel="Elements"
                                        jcr:primaryType="nt:unstructured"/>
                                </cq:styles>
                            </item0>
                        </cq:styleGroups>
                    </policy_1571166588834>
                </contentfragment>
                <button jcr:primaryType="nt:unstructured">
                    <policy_1568591661081
                        jcr:lastModified="{Date}2019-10-25T18:01:22.226-07:00"
                        jcr:lastModifiedBy="admin"
                        jcr:primaryType="nt:unstructured"
                        jcr:title="WKND Button"
                        sling:resourceType="wcm/core/components/policy/policy">
                        <jcr:content
                            cq:lastReplicated="{Date}2019-10-22T13:34:50.533-07:00"
                            cq:lastReplicatedBy="admin"
                            cq:lastReplicationAction="Activate"
                            jcr:mixinTypes="[cq:ReplicationStatus]"
                            jcr:primaryType="nt:unstructured"/>
                        <cq:styleGroups jcr:primaryType="nt:unstructured">
                            <item0
                                cq:styleGroupLabel="Styles"
                                jcr:primaryType="nt:unstructured">
                                <cq:styles jcr:primaryType="nt:unstructured">
                                    <item0
                                        cq:styleId="1570236118213"
                                        cq:styleLabel="Default"
                                        jcr:primaryType="nt:unstructured"/>
                                    <item1
                                        cq:styleClasses="cmp-button--primary"
                                        cq:styleId="1570236090914"
                                        cq:styleLabel="Primary"
                                        jcr:primaryType="nt:unstructured"/>
                                    <item2
                                        cq:styleClasses="cmp-button--secondary"
                                        cq:styleId="1570758781253"
                                        cq:styleLabel="Secondary"
                                        jcr:primaryType="nt:unstructured"/>
                                </cq:styles>
                            </item0>
                            <item1
                                cq:styleGroupLabel="Variation"
                                jcr:primaryType="nt:unstructured">
                                <cq:styles jcr:primaryType="nt:unstructured">
                                    <item0
                                        cq:styleClasses="cmp-button--icononly"
                                        cq:styleId="1568839776757"
                                        cq:styleLabel="Icon Only"
                                        jcr:primaryType="nt:unstructured"/>
                                </cq:styles>
                            </item1>
                        </cq:styleGroups>
                    </policy_1568591661081>
                </button>
                <experiencefragment jcr:primaryType="nt:unstructured">
                    <policy_1568592468447
                        jcr:lastModified="{Date}2019-10-03T15:00:04.275-07:00"
                        jcr:lastModifiedBy="admin"
                        jcr:primaryType="nt:unstructured"
                        jcr:title="WKND Experience Fragment - Site"
                        sling:resourceType="wcm/core/components/policy/policy">
                        <jcr:content
                            cq:lastReplicated="{Date}2019-10-22T13:34:50.533-07:00"
                            cq:lastReplicatedBy="admin"
                            cq:lastReplicationAction="Activate"
                            jcr:mixinTypes="[cq:ReplicationStatus]"
                            jcr:primaryType="nt:unstructured"/>
                        <cq:styleGroups jcr:primaryType="nt:unstructured">
                            <item0 jcr:primaryType="nt:unstructured">
                                <cq:styles jcr:primaryType="nt:unstructured">
                                    <item0
                                        cq:styleClasses="cmp-experiencefragment--header"
                                        cq:styleId="1568592491109"
                                        cq:styleLabel="Header"
                                        jcr:primaryType="nt:unstructured"/>
                                    <item1
                                        cq:styleClasses="cmp-experiencefragment--footer"
                                        cq:styleId="1568592503946"
                                        cq:styleLabel="Footer"
                                        jcr:primaryType="nt:unstructured"/>
                                </cq:styles>
                            </item0>
                        </cq:styleGroups>
                    </policy_1568592468447>
                    <policy_34642779885901
                        jcr:lastModified="{Date}2019-10-17T17:57:06.185-07:00"
                        jcr:lastModifiedBy="admin"
                        jcr:primaryType="nt:unstructured"
                        jcr:title="WKND Experience Fragment - Content"
                        sling:resourceType="wcm/core/components/policy/policy">
                        <jcr:content
                            cq:lastReplicated="{Date}2019-10-22T13:34:50.533-07:00"
                            cq:lastReplicatedBy="admin"
                            cq:lastReplicationAction="Activate"
                            jcr:mixinTypes="[cq:ReplicationStatus]"
                            jcr:primaryType="nt:unstructured"/>
                        <cq:styleGroups jcr:primaryType="nt:unstructured">
                            <item0 jcr:primaryType="nt:unstructured">
                                <cq:styles jcr:primaryType="nt:unstructured">
                                    <item0
                                        cq:styleClasses="cmp-experience-fragment--contributor"
                                        cq:styleId="1571360196802"
                                        cq:styleLabel="Contributor"
                                        jcr:primaryType="nt:unstructured"/>
                                </cq:styles>
                            </item0>
                        </cq:styleGroups>
                    </policy_34642779885901>
                </experiencefragment>
                <accordion jcr:primaryType="nt:unstructured">
                    <policy_1571070092603
                        jcr:lastModified="{Date}2019-10-14T13:46:04.358-07:00"
                        jcr:lastModifiedBy="admin"
                        jcr:primaryType="nt:unstructured"
                        jcr:title="WKND Accordion"
                        sling:resourceType="wcm/core/components/policy/policy"
                        allowedHeadingElements="h3"
                        components="[/libs/wcm/foundation/components/responsivegrid,/apps/wknd/components/content/button,/apps/wknd/components/content/image,/apps/wknd/components/content/text,/apps/wknd/components/content/title]"
                        headingElement="h3">
                        <jcr:content
                            cq:lastReplicated="{Date}2019-10-22T13:34:50.533-07:00"
                            cq:lastReplicatedBy="admin"
                            cq:lastReplicationAction="Activate"
                            jcr:mixinTypes="[cq:ReplicationStatus]"
                            jcr:primaryType="nt:unstructured"/>
                    </policy_1571070092603>
                </accordion>
                <separator jcr:primaryType="nt:unstructured">
                    <policy_1571075710034
                        jcr:lastModified="{Date}2019-10-25T15:29:28.024-07:00"
                        jcr:lastModifiedBy="admin"
                        jcr:primaryType="nt:unstructured"
                        jcr:title="WKND Separator"
                        sling:resourceType="wcm/core/components/policy/policy">
                        <jcr:content
                            cq:lastReplicated="{Date}2019-10-22T13:34:50.533-07:00"
                            cq:lastReplicatedBy="admin"
                            cq:lastReplicationAction="Activate"
                            jcr:mixinTypes="[cq:ReplicationStatus]"
                            jcr:primaryType="nt:unstructured"/>
                        <cq:styleGroups jcr:primaryType="nt:unstructured">
                            <item0
                                cq:styleGroupLabel="Colors"
                                jcr:primaryType="nt:unstructured">
                                <cq:styles jcr:primaryType="nt:unstructured">
                                    <item0
                                        cq:styleClasses="cmp-separator--light"
                                        cq:styleId="1571075856942"
                                        cq:styleLabel="Light"
                                        jcr:primaryType="nt:unstructured"/>
                                    <item1
                                        cq:styleClasses="cmp-separator--dark"
                                        cq:styleId="1571075888147"
                                        cq:styleLabel="Dark"
                                        jcr:primaryType="nt:unstructured"/>
                                    <item2
                                        cq:styleClasses="cmp-separator--hidden"
                                        cq:styleId="1571075919520"
                                        cq:styleLabel="Hidden"
                                        jcr:primaryType="nt:unstructured"/>
                                </cq:styles>
                            </item0>
                            <item1
                                cq:styleGroupLabel="Spacing"
                                jcr:primaryType="nt:unstructured">
                                <cq:styles jcr:primaryType="nt:unstructured">
                                    <item0
                                        cq:styleClasses="cmp-separator--space-small"
                                        cq:styleId="1571075910473"
                                        cq:styleLabel="Small"
                                        jcr:primaryType="nt:unstructured"/>
                                    <item1
                                        cq:styleClasses="cmp-separator--space-medium"
                                        cq:styleId="1571075969668"
                                        cq:styleLabel="Medium"
                                        jcr:primaryType="nt:unstructured"/>
                                    <item2
                                        cq:styleClasses="cmp-separator--space-large"
                                        cq:styleId="1571075976665"
                                        cq:styleLabel="Large"
                                        jcr:primaryType="nt:unstructured"/>
                                </cq:styles>
                            </item1>
                        </cq:styleGroups>
                    </policy_1571075710034>
                </separator>
            </content>
            <structure jcr:primaryType="nt:unstructured">
                <languagenavigation jcr:primaryType="nt:unstructured">
                    <policy_1568591782049
                        cq:styleDefaultClasses="cmp-languagenavigation--default"
                        jcr:lastModified="{Date}2019-09-15T16:57:57.019-07:00"
                        jcr:lastModifiedBy="admin"
                        jcr:primaryType="nt:unstructured"
                        jcr:title="WKND Language Navigation"
                        sling:resourceType="wcm/core/components/policy/policy"
                        navigationRoot="/content/wknd"
                        structureDepth="1">
                        <jcr:content jcr:primaryType="nt:unstructured"/>
                        <cq:styleGroups jcr:primaryType="nt:unstructured">
                            <item0 jcr:primaryType="nt:unstructured">
                                <cq:styles jcr:primaryType="nt:unstructured">
                                    <item0
                                        cq:styleClasses="cmp-languagenavigation--default"
                                        cq:styleId="1568591859961"
                                        cq:styleLabel="Default"
                                        jcr:primaryType="nt:unstructured"/>
                                    <item1
                                        cq:styleClasses="cmp-languagenavigation--default cmp-languagenavigation--dark cmp-languagenavigation--header"
                                        cq:styleId="1568591864735"
                                        cq:styleLabel="Dark Header"
                                        jcr:primaryType="nt:unstructured"/>
                                </cq:styles>
                            </item0>
                        </cq:styleGroups>
                    </policy_1568591782049>
                </languagenavigation>
                <navigation jcr:primaryType="nt:unstructured">
                    <policy_1555431038157
                        jcr:lastModified="{Date}2019-04-16T09:13:14.351-07:00"
                        jcr:lastModifiedBy="admin"
                        jcr:primaryType="nt:unstructured"
                        jcr:title="WKND Navigation - Header "
                        sling:resourceType="wcm/core/components/policy/policy"
                        collectAllPages="false"
                        navigationRoot="/content/wknd/en"
                        skipNavigationRoot="true"
                        structureDepth="1">
                        <jcr:content
                            cq:lastReplicated="{Date}2019-10-22T13:34:50.533-07:00"
                            cq:lastReplicatedBy="admin"
                            cq:lastReplicationAction="Activate"
                            jcr:mixinTypes="[cq:ReplicationStatus]"
                            jcr:primaryType="nt:unstructured"/>
                    </policy_1555431038157>
                    <policy_4825943207134
                        cq:styleDefaultClasses="cmp-navigation--footer"
                        jcr:lastModified="{Date}2019-04-16T09:14:47.572-07:00"
                        jcr:lastModifiedBy="admin"
                        jcr:primaryType="nt:unstructured"
                        jcr:title="WKND Navigation - Footer"
                        sling:resourceType="wcm/core/components/policy/policy"
                        collectAllPages="false"
                        navigationRoot="/content/wknd/en"
                        skipNavigationRoot="true"
                        structureDepth="1">
                        <jcr:content
                            cq:lastReplicated="{Date}2019-10-22T13:34:50.533-07:00"
                            cq:lastReplicatedBy="admin"
                            cq:lastReplicationAction="Activate"
                            jcr:mixinTypes="[cq:ReplicationStatus]"
                            jcr:primaryType="nt:unstructured"/>
                    </policy_4825943207134>
                    <policy_126213313123863
                        jcr:lastModified="{Date}2019-09-15T16:56:12.401-07:00"
                        jcr:lastModifiedBy="admin"
                        jcr:primaryType="nt:unstructured"
                        jcr:title="WKND Navigation"
                        sling:resourceType="wcm/core/components/policy/policy"
                        collectAllPages="true"
                        navigationRoot="/content/wknd"
                        skipNavigationRoot="true"
                        structureDepth="1">
                        <jcr:content jcr:primaryType="nt:unstructured"/>
                        <cq:styleGroups jcr:primaryType="nt:unstructured">
                            <item0
                                cq:styleGroupLabel="Template Styles"
                                jcr:primaryType="nt:unstructured">
                                <cq:styles jcr:primaryType="nt:unstructured">
                                    <item0
                                        cq:styleClasses="cmp-navigation--header"
                                        cq:styleId="1568591750865"
                                        cq:styleLabel="Header"
                                        jcr:primaryType="nt:unstructured"/>
                                    <item1
                                        cq:styleClasses="cmp-navigation--footer"
                                        cq:styleId="1568591758631"
                                        cq:styleLabel="Footer"
                                        jcr:primaryType="nt:unstructured"/>
                                </cq:styles>
                            </item0>
                        </cq:styleGroups>
                    </policy_126213313123863>
                </navigation>
                <header jcr:primaryType="nt:unstructured">
                    <policy_1555430849974
                        jcr:lastModified="{Date}2019-04-16T09:13:08.136-07:00"
                        jcr:lastModifiedBy="admin"
                        jcr:primaryType="nt:unstructured"
                        jcr:title="WKND Header"
                        sling:resourceType="wcm/core/components/policy/policy"
                        rootPath="/content/wknd/en">
                        <jcr:content
                            cq:lastReplicated="{Date}2019-10-22T13:34:50.533-07:00"
                            cq:lastReplicatedBy="admin"
                            cq:lastReplicationAction="Activate"
                            jcr:mixinTypes="[cq:ReplicationStatus]"
                            jcr:primaryType="nt:unstructured"/>
                    </policy_1555430849974>
                </header>
                <search jcr:primaryType="nt:unstructured">
                    <policy_1555431088440
                        jcr:lastModified="{Date}2019-09-15T17:04:29.101-07:00"
                        jcr:lastModifiedBy="admin"
                        jcr:primaryType="nt:unstructured"
                        jcr:title="WKND Search - Header"
                        sling:resourceType="wcm/core/components/policy/policy"
                        resultsSize="5"
                        searchRoot="/content/wknd"
                        searchTermMinimumLength="3">
                        <jcr:content
                            cq:lastReplicated="{Date}2019-10-22T13:34:50.533-07:00"
                            cq:lastReplicatedBy="admin"
                            cq:lastReplicationAction="Activate"
                            jcr:mixinTypes="[cq:ReplicationStatus]"
                            jcr:primaryType="nt:unstructured"/>
                        <cq:styleGroups jcr:primaryType="nt:unstructured">
                            <item0 jcr:primaryType="nt:unstructured">
                                <cq:styles jcr:primaryType="nt:unstructured">
                                    <item0
                                        cq:styleId="1568592245303"
                                        cq:styleLabel="Default"
                                        jcr:primaryType="nt:unstructured"/>
                                    <item1
                                        cq:styleClasses="cmp-search--header"
                                        cq:styleId="1568592262425"
                                        cq:styleLabel="Header"
                                        jcr:primaryType="nt:unstructured"/>
                                </cq:styles>
                            </item0>
                        </cq:styleGroups>
                    </policy_1555431088440>
                </search>
                <page jcr:primaryType="nt:unstructured">
                    <policy_1555624447675
                        jcr:lastModified="{Date}2019-10-30T11:54:53.444-07:00"
                        jcr:lastModifiedBy="admin"
                        jcr:primaryType="nt:unstructured"
                        jcr:title="WKND Landing Page"
                        sling:resourceType="wcm/core/components/policy/policy"
                        clientlibs="wknd.site"
                        clientlibsJsHead="wknd.dependencies">
                        <jcr:content
                            cq:lastReplicated="{Date}2019-10-22T13:34:50.533-07:00"
                            cq:lastReplicatedBy="admin"
                            cq:lastReplicationAction="Activate"
                            jcr:mixinTypes="[cq:ReplicationStatus]"
                            jcr:primaryType="nt:unstructured"/>
                    </policy_1555624447675>
                    <policy_654210257255105
                        jcr:lastModified="{Date}2019-09-26T15:03:52.447-07:00"
                        jcr:lastModifiedBy="admin"
                        jcr:primaryType="nt:unstructured"
                        jcr:title="WKND Article"
                        sling:resourceType="wcm/core/components/policy/policy"
                        clientlibs="wknd.site">
                        <jcr:content
                            cq:lastReplicated="{Date}2019-10-22T13:34:50.533-07:00"
                            cq:lastReplicatedBy="admin"
                            cq:lastReplicationAction="Activate"
                            jcr:mixinTypes="[cq:ReplicationStatus]"
                            jcr:primaryType="nt:unstructured"/>
                    </policy_654210257255105>
                    <policy_654239029509196
                        jcr:lastModified="{Date}2019-09-26T15:04:18.519-07:00"
                        jcr:lastModifiedBy="admin"
                        jcr:primaryType="nt:unstructured"
                        jcr:title="WKND Experience Fragment"
                        sling:resourceType="wcm/core/components/policy/policy"
                        clientlibs="wknd.site">
                        <jcr:content jcr:primaryType="nt:unstructured"/>
                    </policy_654239029509196>
                    <policy_1570140199406
                        jcr:lastModified="{Date}2019-10-30T11:57:54.326-07:00"
                        jcr:lastModifiedBy="admin"
                        jcr:primaryType="nt:unstructured"
                        jcr:title="WKND Site Theme"
                        sling:resourceType="wcm/core/components/policy/policy"
                        clientlibs="wknd.site"
                        clientlibsJsHead="wknd.dependencies">
                        <jcr:content
                            cq:lastReplicated="{Date}2019-10-22T13:34:50.533-07:00"
                            cq:lastReplicatedBy="admin"
                            cq:lastReplicationAction="Activate"
                            jcr:mixinTypes="[cq:ReplicationStatus]"
                            jcr:primaryType="nt:unstructured"/>
                    </policy_1570140199406>
                </page>
                <xfpage jcr:primaryType="nt:unstructured">
                    <policy_1572461714642
                        jcr:lastModified="{Date}2019-10-30T11:55:59.699-07:00"
                        jcr:lastModifiedBy="admin"
                        jcr:primaryType="nt:unstructured"
                        jcr:title="Experience Fragment Web"
                        sling:resourceType="wcm/core/components/policy/policy"
                        clientlibs="wknd.site">
                        <jcr:content jcr:primaryType="nt:unstructured"/>
                    </policy_1572461714642>
                </xfpage>
            </structure>
        </components>
    </wknd>
    <cq jcr:primaryType="nt:unstructured">
        <experience-fragments jcr:primaryType="nt:unstructured">
            <editor jcr:primaryType="nt:unstructured">
                <components jcr:primaryType="nt:unstructured">
                    <buildingblock jcr:primaryType="nt:unstructured">
                        <policy_1571358645901
                            jcr:lastModified="{Date}2019-10-17T17:31:34.361-07:00"
                            jcr:lastModifiedBy="admin"
                            jcr:primaryType="nt:unstructured"
                            jcr:title="WKND Building Block"
                            sling:resourceType="wcm/core/components/policy/policy">
                            <jcr:content jcr:primaryType="nt:unstructured"/>
                            <cq:styleGroups jcr:primaryType="nt:unstructured">
                                <item0 jcr:primaryType="nt:unstructured">
                                    <cq:styles jcr:primaryType="nt:unstructured">
                                        <item0
                                            cq:styleClasses="cmp-buildingblock--btn-list"
                                            cq:styleId="1571358661842"
                                            cq:styleLabel="Button List"
                                            jcr:primaryType="nt:unstructured"/>
                                    </cq:styles>
                                </item0>
                            </cq:styleGroups>
                        </policy_1571358645901>
                    </buildingblock>
                </components>
            </editor>
        </experience-fragments>
    </cq>
</jcr:root>
