<?xml version="1.0" encoding="UTF-8"?>
<jcr:root xmlns:sling="http://sling.apache.org/jcr/sling/1.0" xmlns:cq="http://www.day.com/jcr/cq/1.0" xmlns:jcr="http://www.jcp.org/jcr/1.0" xmlns:nt="http://www.jcp.org/jcr/nt/1.0" xmlns:rep="internal"
    jcr:mixinTypes="[rep:AccessControllable]"
    jcr:primaryType="cq:Page">
    <rep:policy/>
    <wcm jcr:primaryType="nt:unstructured">
        <foundation jcr:primaryType="nt:unstructured">
            <components jcr:primaryType="nt:unstructured">
                <responsivegrid jcr:primaryType="nt:unstructured">
                    <jcr:content
                        jcr:primaryType="nt:unstructured"
                        mergeList="{Boolean}true"/>
                    <default
                        jcr:lastModified="{Date}2017-12-07T15:43:22.777+05:30"
                        jcr:lastModifiedBy="admin"
                        jcr:primaryType="nt:unstructured"
                        jcr:title="WKND Event (Angular) Template Root Policy"
                        sling:resourceType="wcm/core/components/policy/policy"
                        components="[/libs/wcm/foundation/components/responsivegrid,group:WKND Events - Content]">
                        <cq:authoring jcr:primaryType="nt:unstructured">
                            <assetToComponentMapping jcr:primaryType="nt:unstructured">
                                <image
                                    jcr:primaryType="nt:unstructured"
                                    assetGroup="media"
                                    assetMimetype="image/*"
                                    droptarget="image"
                                    resourceType="wknd-events/components/content/image"
                                    type="Images"/>
                            </assetToComponentMapping>
                        </cq:authoring>
                        <jcr:content
                            jcr:primaryType="nt:unstructured"
                            mergeList="{Boolean}true"/>
                    </default>
                </responsivegrid>
            </components>
        </foundation>
    </wcm>
    <wknd-events jcr:primaryType="nt:unstructured">
        <components jcr:primaryType="nt:unstructured">
            <structure jcr:primaryType="nt:unstructured">
                <page jcr:primaryType="nt:unstructured">
                    <default
                        jcr:lastModified="{Date}2020-01-10T15:04:32.800-05:00"
                        jcr:lastModifiedBy="admin"
                        jcr:primaryType="nt:unstructured"
                        jcr:title="WKND Events Angular SPA Page"
                        sling:resourceType="wcm/core/components/policy/policy"
                        clientlibs="wknd-events.angular">
                        <jcr:content jcr:primaryType="nt:unstructured"/>
                    </default>
                    <policy_1578686902977
                        jcr:lastModified="{Date}2020-01-10T15:08:34.849-05:00"
                        jcr:lastModifiedBy="admin"
                        jcr:primaryType="nt:unstructured"
                        jcr:title="WKND Events React SPA Page"
                        sling:resourceType="wcm/core/components/policy/policy"
                        clientlibs="wknd-events.react">
                        <jcr:content jcr:primaryType="nt:unstructured"/>
                    </policy_1578686902977>
                    <policy_1578688481654
                        jcr:lastModified="{Date}2020-01-10T15:40:53.238-05:00"
                        jcr:lastModifiedBy="admin"
                        jcr:primaryType="nt:unstructured"
                        jcr:title="WKND Events SPA Root Page"
                        sling:resourceType="wcm/core/components/policy/policy"
                        isRoot="true"
                        structureDepth="{Long}2">
                        <jcr:content jcr:primaryType="nt:unstructured"/>
                    </policy_1578688481654>
                </page>
                <app jcr:primaryType="nt:unstructured">
                    <default
                        jcr:lastModified="{Date}2020-01-10T15:09:24.491-05:00"
                        jcr:lastModifiedBy="admin"
                        jcr:primaryType="nt:unstructured"
                        jcr:title="WKND Events Root SPA Page"
                        sling:resourceType="wcm/core/components/policy/policy"
                        isRoot="{Boolean}true"
                        structureDepth="2"
                        structurePatterns="(angular/)(?:(?!blog)(/)?)">
                        <jcr:content jcr:primaryType="nt:unstructured"/>
                    </default>
                </app>
            </structure>
            <content jcr:primaryType="nt:unstructured">
                <text jcr:primaryType="nt:unstructured">
                    <policy_1539029830437
                        jcr:lastModified="{Date}2018-10-08T16:17:33.502-04:00"
                        jcr:lastModifiedBy="admin"
                        jcr:primaryType="nt:unstructured"
                        jcr:title="WKND Events Text"
                        sling:resourceType="wcm/core/components/policy/policy">
                        <jcr:content jcr:primaryType="nt:unstructured"/>
                        <rtePlugins jcr:primaryType="nt:unstructured">
                            <paraformat
                                jcr:primaryType="nt:unstructured"
                                features="*">
                                <formats
                                    jcr:primaryType="nt:unstructured"
                                    override="true">
                                    <item0
                                        jcr:primaryType="nt:unstructured"
                                        description="Paragraph"
                                        tag="p"/>
                                    <item1
                                        jcr:primaryType="nt:unstructured"
                                        description="Heading 1"
                                        tag="h1"/>
                                    <item2
                                        jcr:primaryType="nt:unstructured"
                                        description="Heading 2"
                                        tag="h2"/>
                                    <item3
                                        jcr:primaryType="nt:unstructured"
                                        description="Heading 3"
                                        tag="h3"/>
                                    <item4
                                        jcr:primaryType="nt:unstructured"
                                        description="Heading 4"
                                        tag="h4"/>
                                    <item5
                                        jcr:primaryType="nt:unstructured"
                                        description="Heading 5"
                                        tag="h5"/>
                                    <item6
                                        jcr:primaryType="nt:unstructured"
                                        description="Heading 6"
                                        tag="h6"/>
                                    <item7
                                        jcr:primaryType="nt:unstructured"
                                        description="Quote"
                                        tag="blockquote"/>
                                    <item8
                                        jcr:primaryType="nt:unstructured"
                                        description="Preformatted"
                                        tag="pre"/>
                                </formats>
                            </paraformat>
                            <misctools
                                jcr:primaryType="nt:unstructured"
                                features="-">
                                <specialCharsConfig jcr:primaryType="nt:unstructured">
                                    <chars
                                        jcr:primaryType="nt:unstructured"
                                        override="true">
                                        <item0
                                            jcr:primaryType="nt:unstructured"
                                            entity="&amp;copy;"
                                            name="copyright"/>
                                        <item1
                                            jcr:primaryType="nt:unstructured"
                                            entity="&amp;euro;"
                                            name="euro"/>
                                        <item2
                                            jcr:primaryType="nt:unstructured"
                                            entity="&amp;reg;"
                                            name="registered"/>
                                        <item3
                                            jcr:primaryType="nt:unstructured"
                                            entity="&amp;trade;"
                                            name="trademark"/>
                                    </chars>
                                </specialCharsConfig>
                            </misctools>
                            <edit
                                jcr:primaryType="nt:unstructured"
                                features="paste-plaintext"/>
                            <findreplace
                                jcr:primaryType="nt:unstructured"
                                features="-"/>
                            <spellcheck
                                jcr:primaryType="nt:unstructured"
                                features="-"/>
                            <table
                                jcr:primaryType="nt:unstructured"
                                features="-"/>
                            <lists
                                jcr:primaryType="nt:unstructured"
                                features="*"/>
                            <justify
                                jcr:primaryType="nt:unstructured"
                                features="-"/>
                            <format
                                jcr:primaryType="nt:unstructured"
                                features="bold,italic"/>
                            <links
                                jcr:primaryType="nt:unstructured"
                                features="modifylink,unlink"/>
                            <subsuperscript
                                jcr:primaryType="nt:unstructured"
                                features="-"/>
                        </rtePlugins>
                    </policy_1539029830437>
                </text>
                <image jcr:primaryType="nt:unstructured"/>
            </content>
        </components>
    </wknd-events>
</jcr:root>
