<?xml version="1.0" encoding="UTF-8"?>
<jcr:root xmlns:sling="http://sling.apache.org/jcr/sling/1.0" xmlns:jcr="http://www.jcp.org/jcr/1.0"
    jcr:primaryType="sling:OrderedFolder"
    jcr:title="Demo Utils"
    id="aem-demo-utils">
    <demo-hub/>
    <bulk-setup/>
    <adobe-stock/>
    <smart-tags/>
    <visual-search/>
    <smart-translation-search/>
    <adobe-asset-link/>
    <brand-portal/>
    <dynamic-media/>
    <dynamic-media-360-vr/>
    <smart-crop/>
    <connected-assets/>
    <asset-insights/>
    <cloud-manager />
    <core-components/>
    <spa-editor />
    <aem-headless />
    <hybrid-cms />
    <content-fragments-api/>
    <forms/>
    <forms-enhanced-chart />
    <forms-web-channel />
    <generate-tasks/>
    <email-server/>
    <asset-share-commons/>
    <dynamic-media-hybrid/>
</jcr:root>
