<?xml version="1.0" encoding="UTF-8"?>
<jcr:root xmlns:sling="http://sling.apache.org/jcr/sling/1.0" xmlns:cq="http://www.day.com/jcr/cq/1.0" xmlns:jcr="http://www.jcp.org/jcr/1.0" xmlns:nt="http://www.jcp.org/jcr/nt/1.0"
    jcr:primaryType="cq:Page">
    <jcr:content
        cq:lastModified="{Date}2019-02-01T21:41:25.409-05:00"
        cq:lastModifiedBy="admin"
        cq:template="/conf/wknd-events/settings/wcm/templates/wknd-events-react-page"
        jcr:primaryType="cq:PageContent"
        jcr:title="Home"
        sling:resourceType="wknd-events/components/structure/page">
        <root
            jcr:primaryType="nt:unstructured"
            sling:resourceType="wcm/foundation/components/responsivegrid">
            <responsivegrid
                jcr:created="{Date}2017-12-07T16:48:57.968+05:30"
                jcr:createdBy="admin"
                jcr:lastModified="{Date}2017-12-07T16:49:29.168+05:30"
                jcr:lastModifiedBy="admin"
                jcr:primaryType="nt:unstructured"
                sling:resourceType="wcm/foundation/components/responsivegrid">
                <promo
                    jcr:created="{Date}2019-01-16T03:14:45.663-08:00"
                    jcr:createdBy="admin"
                    jcr:description="&lt;p>Get a Monthly package handcrafted for &lt;b>you&lt;/b>. Secret Shows, Special Discounts, limited access art shows. Discover your city events and venues in a smarter way, relevant to your interests.&lt;/p>&#xd;&#xa;"
                    jcr:lastModified="{Date}2019-02-01T21:41:25.400-05:00"
                    jcr:lastModifiedBy="admin"
                    jcr:primaryType="nt:unstructured"
                    jcr:title="Wknds Free Pass"
                    sling:resourceType="wknd-events/components/content/promo"
                    actionsEnabled="true"
                    descriptionFromPage="false"
                    fileReference="/content/dam/wknd-events/sponsored-light.jpg"
                    offerText="$2000 / Month"
                    textIsRich="true"
                    titleFromPage="false">
                    <cq:responsive jcr:primaryType="nt:unstructured">
                        <phone
                            jcr:primaryType="nt:unstructured"
                            width="12"/>
                    </cq:responsive>
                    <actions jcr:primaryType="nt:unstructured">
                        <item0
                            jcr:primaryType="nt:unstructured"
                            link="/content/wknd-events/react/home/wknd-free-pass"
                            text="Learn More"/>
                    </actions>
                </promo>
                <eventlist
                    jcr:created="{Date}2019-01-30T12:29:11.847-05:00"
                    jcr:createdBy="admin"
                    jcr:lastModified="{Date}2019-02-01T16:12:08.427-05:00"
                    jcr:lastModifiedBy="admin"
                    jcr:primaryType="nt:unstructured"
                    sling:resourceType="wknd-events/components/content/eventlist"
                    childDepth="1"
                    linkItems="false"
                    listFrom="children"
                    parentPage="/content/wknd-events/react/home/events"
                    showDescription="false"
                    showModificationDate="false"
                    sortOrder="asc"
                    tagsMatch="any"/>
            </responsivegrid>
        </root>
    </jcr:content>
    <first-article/>
    <events/>
    <wknd-free-pass/>
</jcr:root>
